<?xml version="1.0" encoding="UTF-8"?>
<!DOCTYPE configuration PUBLIC "-//mybatis.org//DTD Config 3.0//EN" "http://mybatis.org/dtd/mybatis-3-config.dtd">

<configuration>
    
    <typeAliases>
    	<typeAlias alias="empVO" type="egovframework.sample.emp.service.EmpVO" />
    	<typeAlias alias="deptVO" type="egovframework.sample.dept.service.DeptVO" />
    	<typeAlias alias="searchVO" type="egovframework.sample.common.SearchVO" />
    </typeAliases>
    
<!-- 
	<mappers>
        <mapper resource="META-INF/sqlmap/mappers/mysql/department_mysql.xml" />
        <mapper resource="META-INF/sqlmap/mappers/mysql/employee_mysql.xml" />
   </mappers> 
 -->
 
</configuration>