<?xml version="1.0" encoding="UTF-8"?>
<beans xmlns="http://www.springframework.org/schema/beans"
	xmlns:xsi="http://www.w3.org/2001/XMLSchema-instance"
	xsi:schemaLocation="http://www.springframework.org/schema/beans
	http://www.springframework.org/schema/beans/spring-beans-2.5.xsd">
	
    <!--  부서 ID -->
    <bean name="egovDeptManageIdGnrService"
        class="egovframework.rte.fdl.idgnr.impl.EgovTableIdGnrService"
        destroy-method="destroy">
        <property name="dataSource" ref="dataSource" />
        <property name="strategy"   ref="orgnztIdStrategy" />
        <property name="blockSize"  value="1"/>
        <property name="table"      value="COMTECOPSEQ"/>
        <property name="tableName"  value="ORGNZT_ID"/>
    </bean>

    <bean name="orgnztIdStrategy"
        class="egovframework.rte.fdl.idgnr.impl.strategy.EgovIdGnrStrategyImpl">
        <property name="prefix" value="ORGNZT_" />
        <property name="cipers" value="13" />
        <property name="fillChar" value="0" />
    </bean> 
    <!-- 부서 ID -->	
</beans>
