<?xml version="1.0" encoding="UTF-8"?>
<beans xmlns="http://www.springframework.org/schema/beans"
	xmlns:xsi="http://www.w3.org/2001/XMLSchema-instance"
	xsi:schemaLocation="http://www.springframework.org/schema/beans http://www.springframework.org/schema/beans/spring-beans-3.0.xsd">

	<bean id="egov.propertyConfigurer" class="org.springframework.beans.factory.config.PropertyPlaceholderConfigurer">
        <property name="locations">
            <list>
                <value>classpath:/egovframework/egovProps/globals.properties</value>
                <!-- value>file:/product/jeus/egovProps/globals.properties</value-->
            </list>
        </property>
    </bean>

	<!-- DataSource -->
	<alias name="dataSource-${Globals.DbType}" alias="egov.dataSource" />

	<!-- MySQL -->
	<bean id="dataSource-mysql" class="org.apache.commons.dbcp.BasicDataSource" destroy-method="close">
		<property name="driverClassName" value="${Globals.DriverClassName}"/>
		<property name="url" value="${Globals.Url}" />
		<property name="username" value="${Globals.UserName}"/>
		<property name="password" value="${Globals.Password}"/>
	</bean>

	<!-- Oracle -->
	<bean id="dataSource-oracle" class="org.apache.commons.dbcp.BasicDataSource" destroy-method="close">
		<property name="driverClassName" value="${Globals.DriverClassName}"/>
		<property name="url" value="${Globals.Url}" />
		<property name="username" value="${Globals.UserName}"/>
		<property name="password" value="${Globals.Password}"/>
	</bean>

	<!-- Altibase -->
	<bean id="dataSource-altibase" class="org.apache.commons.dbcp.BasicDataSource" destroy-method="close">
		<property name="driverClassName" value="${Globals.DriverClassName}"/>
		<property name="url" value="${Globals.Url}" />
		<property name="username" value="${Globals.UserName}"/>
		<property name="password" value="${Globals.Password}"/>
	</bean>

	<!-- Tibero -->
	<bean id="dataSource-tibero" class="org.apache.commons.dbcp.BasicDataSource" destroy-method="close">
		<property name="driverClassName" value="${Globals.DriverClassName}"/>
		<property name="url" value="${Globals.Url}" />
		<property name="username" value="${Globals.UserName}"/>
		<property name="password" value="${Globals.Password}"/>
	</bean>
	
	<bean id="transactionManager" class="org.springframework.jdbc.datasource.DataSourceTransactionManager" lazy-init="true">
		<property name="dataSource" ref="egov.dataSource" />
	</bean>
	
	<bean id="lobHandler" class="org.springframework.jdbc.support.lob.DefaultLobHandler"/>
		
	<bean id="customEditorConfigurer" class="org.springframework.beans.factory.config.CustomEditorConfigurer">
		<property name="customEditors">
			<map>
				<entry key="int[]" value="org.springframework.batch.support.IntArrayPropertyEditor" />
			</map>
		</property>
	</bean>
</beans>
