<?xml version="1.0" encoding="UTF-8"?>
<b:beans  xmlns="http://www.springframework.org/schema/security"
    xmlns:b="http://www.springframework.org/schema/beans"
    xmlns:aop="http://www.springframework.org/schema/aop"
    xmlns:xsi="http://www.w3.org/2001/XMLSchema-instance"
    xsi:schemaLocation="http://www.springframework.org/schema/beans http://www.springframework.org/schema/beans/spring-beans-3.0.xsd
                        http://www.springframework.org/schema/security http://www.springframework.org/schema/security/spring-security-2.0.4.xsd
                        http://www.springframework.org/schema/aop http://www.springframework.org/schema/aop/spring-aop-3.0.xsd">
<!-- 
	수정일                 수정자                          수정내용
  =========     =======    =================================================
  2011.09.07   	서준식     	 	일반, 업무사용자의 경우 조직아이디가 없어 로그인이 안되던 문제 수정(SQL 수정)
  2011.09.25    서준식              usersByUsernameQuery 쿼리의 조직 아이디 비교 부분  오류 수정 > alias 추가
-->
    <b:bean id="securedObjectService"
        class="egovframework.com.sec.security.securedobject.impl.SecuredObjectServiceImpl">
        <b:property name="securedObjectDAO" ref="securedObjectDAO"/>
    </b:bean>

    <b:bean id="securedObjectDAO" class="egovframework.com.sec.security.securedobject.impl.SecuredObjectDAO" >
        <b:property name="dataSource" ref="egov.dataSource"/>
    </b:bean>

    <b:bean id="userDetailsServiceWrapper" 
            class="org.springframework.security.userdetails.hierarchicalroles.UserDetailsServiceWrapper" >
        <b:property name="roleHierarchy" ref="roleHierarchy"/>
        <b:property name="userDetailsService" ref="jdbcUserService"/>
    </b:bean>
    
    <b:bean id="roleHierarchy" 
            class="org.springframework.security.userdetails.hierarchicalroles.RoleHierarchyImpl" >
        <b:property name="hierarchy" ref="hierarchyStrings"/>
    </b:bean>

    <b:bean id="hierarchyStrings"
        class="egovframework.com.sec.security.userdetails.hierarchicalroles.HierarchyStringsFactoryBean"
        init-method="init">
        <b:property name="securedObjectService" ref="securedObjectService"/>
    </b:bean>

    <b:bean id="accessDecisionManager"
        class="org.springframework.security.vote.AffirmativeBased">
        <b:property name="allowIfAllAbstainDecisions" value="false" />
        <b:property name="decisionVoters">
            <b:list>
                <b:bean
                    class="org.springframework.security.vote.RoleVoter">
                    <b:property name="rolePrefix" value="" />
                </b:bean>
                <b:bean
                    class="org.springframework.security.vote.AuthenticatedVoter" />
            </b:list>
        </b:property>
    </b:bean>

    <b:bean id="filterSecurityInterceptor"
        class="org.springframework.security.intercept.web.FilterSecurityInterceptor">
        <custom-filter before="FILTER_SECURITY_INTERCEPTOR" />
        <b:property name="authenticationManager" ref="authenticationManager" />
        <b:property name="accessDecisionManager" ref="accessDecisionManager" />
        <b:property name="objectDefinitionSource" ref="databaseObjectDefinitionSource" />
    </b:bean>

    <b:bean id="databaseObjectDefinitionSource"
        class="org.springframework.security.intercept.web.EgovReloadableDefaultFilterInvocationDefinitionSource">
        <b:constructor-arg ref="regexUrlPathMatcher" />
        <b:constructor-arg ref="requestMap" />      
        <b:property name="securedObjectService" ref="securedObjectService"/>
    </b:bean>

    <!--  url  -->
    <b:bean id="requestMap"
        class="egovframework.com.sec.security.intercept.ResourcesMapFactoryBean" init-method="init">
        <b:property name="securedObjectService" ref="securedObjectService"/>
        <b:property name="resourceType" value="url"/>
    </b:bean>
    
    <b:bean id="regexUrlPathMatcher"
        class="org.springframework.security.util.RegexUrlPathMatcher" />   
 
    <http access-denied-page="/main/accessDenied.do" path-type="regex" lowercase-comparisons="false">

        <form-login login-processing-url="/j_spring_security_check"
                    authentication-failure-url="/main/firstDenied.do"
                    default-target-url="/main/Main.do"
                    login-page="/uat/uia/egovLoginUsr.do" />
        <anonymous/>
        <logout logout-url="/j_spring_security_logout" logout-success-url="/uat/uia/egovLoginUsr.do" />
        <concurrent-session-control max-sessions="500" exception-if-maximum-exceeded="false" expired-url="/uat/uia/egovLoginUsr.do" />
    </http>
 
    <authentication-provider user-service-ref="jdbcUserService" />
    
    
    <authentication-manager alias="authenticationManager"/>

    <b:bean id="jdbcUserService"
            class="egovframework.com.sec.security.userdetails.jdbc.EgovJdbcUserDetailsManager" >

		<b:property name="usersByUsernameQuery" value="SELECT 
        													USER_ID, 
        													USER_NM, 
        													PASSWORD, 
        													1 ENABLED,
        													DEPT_ID
        												FROM TN_USERS
        												WHERE USER_ID = ? "/>
                                                         
<!--         <b:property name="usersByUsernameQuery" value="SELECT USER_ID, ESNTL_ID AS PASSWORD, 1 ENABLED, USER_NM, USER_ZIP,  
                                                              USER_ADRES, USER_EMAIL, USER_SE, ORGNZT_ID, ESNTL_ID,
                                                              (select a.ORGNZT_NM from TN_ORGNZTINFO a where a.ORGNZT_ID = m.ORGNZT_ID) ORGNZT_NM
                                                         FROM TV_USERMASTER m WHERE CONCAT(USER_SE, USER_ID) = ? "/> -->
<!--   *2010.06.30 *이용   *조직명 추가
        <b:property name="usersByUsernameQuery" value="SELECT USER_ID, ESNTL_ID AS PASSWORD, 1 ENABLED, USER_NM, USER_ZIP,  
                                                              USER_ADRES, USER_EMAIL, USER_SE,  usr.ORGNZT_ID, ESNTL_ID, org.ORGNZT_NM
													   FROM TV_USERMASTER usr, TN_ORGNZTINFO org 
													   WHERE usr.ORGNZT_ID = org.ORGNZT_ID
													   AND   CONCAT(USER_SE, USER_ID) = ? "/>
-->
		<!-- <b:property name="authoritiesByUsernameQuery" value="SELECT 
        													USER_ID, 
        													USER_NM, 
        													PASSWORD, 
        													1 ENABLED        													
        												FROM TN_USERS
        												WHERE USER_ID = ? "/> -->
        <!-- <b:property name="authoritiesByUsernameQuery" value="SELECT A.SCRTY_DTRMN_TRGET_ID USER_ID, A.AUTHOR_CODE AUTHORITY 
                                                               FROM TN_EMPLYRSCRTYESTBS A, TV_USERMASTER B 
                                                              WHERE A.SCRTY_DTRMN_TRGET_ID = B.ESNTL_ID AND B.USER_ID = ? "/> -->
        
        <b:property name="authoritiesByUsernameQuery" value="SELECT A.SCRTY_DTRMN_TRGET_ID USER_ID, A.AUTHOR_CODE AUTHORITY 
                                                               FROM TN_EMPLYRSCRTYESTBS A, TN_USERS B 
                                                              WHERE A.SCRTY_DTRMN_TRGET_ID = B.USER_ID AND B.USER_ID = ? "/>
        <b:property name="roleHierarchy" ref="roleHierarchy"/>
        <b:property name="dataSource" ref="egov.dataSource"/>
        <b:property name="mapClass" value="egovframework.com.sec.security.common.EgovSessionMapping"/> 
    </b:bean>

    <b:bean id="methodDefinitionSources"
        class="org.springframework.security.intercept.method.MapBasedMethodDefinitionSource">
        <b:constructor-arg ref="methodMap" />
    </b:bean>
    
    <b:bean id="methodMap"
        class="egovframework.com.sec.security.intercept.ResourcesMapFactoryBean"
        init-method="init">
        <b:property name="securedObjectService" ref="securedObjectService"/>
        <b:property name="resourceType" value="method"/>
    </b:bean>
    
    <!--  method  -->
    <b:bean id="_methodDefinitionSourceAdvisor" class="org.springframework.security.intercept.method.aopalliance.MethodDefinitionSourceAdvisor">
        <b:constructor-arg value="_methodSecurityInterceptor" />
        <b:constructor-arg ref="_delegatingMethodDefinitionSource" />
    </b:bean>
    
    <b:bean id="_methodSecurityInterceptor" class="org.springframework.security.intercept.method.aopalliance.MethodSecurityInterceptor">
        <b:property name="validateConfigAttributes" value="false" />
        <b:property name="authenticationManager" ref="authenticationManager"/>
        <b:property name="accessDecisionManager" ref="accessDecisionManager"/>
        <b:property name="objectDefinitionSource" ref="_delegatingMethodDefinitionSource" />
    </b:bean>

    <b:bean id="_delegatingMethodDefinitionSource" class="org.springframework.security.intercept.method.DelegatingMethodDefinitionSource">
        <b:property name="methodDefinitionSources">
            <b:list>
                <b:ref bean="methodDefinitionSources"/>
                <b:bean class="org.springframework.security.annotation.SecuredMethodDefinitionSource" />
                <b:bean class="org.springframework.security.annotation.Jsr250MethodDefinitionSource" />
            </b:list>
        </b:property>
    </b:bean>

    <!--  pointcut
    <b:bean id="_protectPointcutPostProcessor" class="org.springframework.security.intercept.method.ProtectPointcutPostProcessor">
        <b:constructor-arg ref="methodDefinitionSources" />
        <b:property name="pointcutMap" ref="pointcutMap"/>
    </b:bean>

    <b:bean id="pointcutMap"
        class="egovframework.rte.fdl.security.intercept.ResourcesMapFactoryBean"
        init-method="init">
        <b:property name="securedObjectService" ref="securedObjectService"/>
        <b:property name="resourceType" value="pointcut"/>
    </b:bean>
    -->
    <!-- customizing method security end -->
</b:beans>
