<?xml version="1.0" encoding="UTF-8"?>
<!-- 
	수정일                 수정자                          수정내용
  =========     =======    =================================================
  2011.09.21    서준식              NTT_ID 에대한 IDGEN서비스 등록
  2011.10.18    서준식              StsfdgNo 에대한 IDGEN서비스 등록
 				            AnswerNo 에대한 IDGEN서비스 등록
-->

<beans xmlns="http://www.springframework.org/schema/beans"
	xmlns:xsi="http://www.w3.org/2001/XMLSchema-instance"
	xsi:schemaLocation="http://www.springframework.org/schema/beans
	http://www.springframework.org/schema/beans/spring-beans-3.0.xsd">

	<!-- 배치운영 -->

    <!-- TN_BATCH.BATCH_ID -->
    <bean name="egovBatchIdGnrService"
        class="egovframework.rte.fdl.idgnr.impl.EgovTableIdGnrService"
        destroy-method="destroy">
        <property name="dataSource" ref="egov.dataSource" />
        <property name="strategy"   ref="batchIdStrategy" />
        <property name="blockSize"  value="1"/>
        <property name="table"      value="TE_BOPRSEQ"/>
        <property name="tableName"  value="BATCH_ID"/>
    </bean>

    <bean name="batchIdStrategy"
        class="egovframework.rte.fdl.idgnr.impl.strategy.EgovIdGnrStrategyImpl">
        <property name="prefix" value="BATCH" />
        <property name="cipers" value="8" />
        <property name="fillChar" value="0" />
    </bean>
    <!-- TN_BATCH.BATCH_ID -->
         	
    <!-- TN_JOB_DLBRT.JOB_DLBRT_NO -->
    <bean name="egovJobDlbrtIdGnrService"
        class="egovframework.rte.fdl.idgnr.impl.EgovTableIdGnrService"
        destroy-method="destroy">
        <property name="dataSource" ref="egov.dataSource" />
        <property name="strategy"   ref="JobDlbrtIdStrategy" />
        <property name="blockSize"  value="1"/>
        <property name="table"      value="TE_BOPRSEQ"/>
        <property name="tableName"  value="JOBDLBRT_ID"/>
    </bean>

    <bean name="JobDlbrtIdStrategy"
        class="egovframework.rte.fdl.idgnr.impl.strategy.EgovIdGnrStrategyImpl">
        <property name="prefix" value="JOBNO" />
        <property name="cipers" value="8" />
        <property name="fillChar" value="0" />
    </bean>
    <!-- TN_JOB_DLBRT.JOB_DLBRT_NO -->
    
    <!-- TN_BATCH_DLBRT.BATCH_DLBRT_NO -->
    <bean name="egovBatchDlbrtIdGnrService"
        class="egovframework.rte.fdl.idgnr.impl.EgovTableIdGnrService"
        destroy-method="destroy">
        <property name="dataSource" ref="egov.dataSource" />
        <property name="strategy"   ref="BatchDlbrtIdStrategy" />
        <property name="blockSize"  value="1"/>
        <property name="table"      value="TE_BOPRSEQ"/>
        <property name="tableName"  value="BATCHDLBRT_ID"/>
    </bean>

    <bean name="BatchDlbrtIdStrategy"
        class="egovframework.rte.fdl.idgnr.impl.strategy.EgovIdGnrStrategyImpl">
        <property name="prefix" value="BATNO" />
        <property name="cipers" value="8" />
        <property name="fillChar" value="0" />
    </bean>
    <!-- TN_BATCH_DLBRT.BATCH_DLBRT_NO -->
    
    <!-- TN_JOB_DLBRT_RESULT.JOB_DLBRT_RESULT_NO -->
    <bean name="egovJobDlbrtResultIdGnrService"
        class="egovframework.rte.fdl.idgnr.impl.EgovTableIdGnrService"
        destroy-method="destroy">
        <property name="dataSource" ref="egov.dataSource" />
        <property name="strategy"   ref="JobDlbrtResultIdStrategy" />
        <property name="blockSize"  value="1"/>
        <property name="table"      value="TE_BOPRSEQ"/>
        <property name="tableName"  value="JOBDLBRTRES_ID"/>
    </bean>

    <bean name="JobDlbrtResultIdStrategy"
        class="egovframework.rte.fdl.idgnr.impl.strategy.EgovIdGnrStrategyImpl">
        <property name="prefix" value="JRESNO" />
        <property name="cipers" value="7" />
        <property name="fillChar" value="0" />
    </bean>
    <!-- TN_JOB_DLBRT_RESULT.JOB_DLBRT_RESULT_NO -->
    
    <!-- TN_BATCH_DLBRT_RESULT.BATCH_DLBRT_RESULT_NO -->
    <bean name="egovBatchDlbrtResultIdGnrService"
        class="egovframework.rte.fdl.idgnr.impl.EgovTableIdGnrService"
        destroy-method="destroy">
        <property name="dataSource" ref="egov.dataSource" />
        <property name="strategy"   ref="BatchDlbrtResultIdStrategy" />
        <property name="blockSize"  value="1"/>
        <property name="table"      value="TE_BOPRSEQ"/>
        <property name="tableName"  value="BATDLBRTRES_ID"/>
    </bean>

    <bean name="BatchDlbrtResultIdStrategy"
        class="egovframework.rte.fdl.idgnr.impl.strategy.EgovIdGnrStrategyImpl">
        <property name="prefix" value="BRESNO" />
        <property name="cipers" value="7" />
        <property name="fillChar" value="0" />
    </bean>
    <!-- TN_BATCH_DLBRT_RESULT.BATCH_DLBRT_RESULT_NO -->
    
    <!-- TN_BATCH_EXECUT.BATCH_EXECUT_NO -->
    <bean name="egovBatchExecutIdGnrService"
        class="egovframework.rte.fdl.idgnr.impl.EgovTableIdGnrService"
        destroy-method="destroy">
        <property name="dataSource" ref="egov.dataSource" />
        <property name="strategy"   ref="BatchExecutIdStrategy" />
        <property name="blockSize"  value="1"/>
        <property name="table"      value="TE_BOPRSEQ"/>
        <property name="tableName"  value="BATCHEXECUT_ID"/>
    </bean>

    <bean name="BatchExecutIdStrategy"
        class="egovframework.rte.fdl.idgnr.impl.strategy.EgovIdGnrStrategyImpl">
        <property name="prefix" value="EXECUT" />
        <property name="cipers" value="7" />
        <property name="fillChar" value="0" />
    </bean>
    <!-- TN_BATCH_EXECUT.BATCH_EXECUT_NO -->
    
    <!-- TN_REHNDN.REHNDN_NO -->
    <bean name="egovRehndnIdGnrService"
        class="egovframework.rte.fdl.idgnr.impl.EgovTableIdGnrService"
        destroy-method="destroy">
        <property name="dataSource" ref="egov.dataSource" />
        <property name="strategy"   ref="RehndnIdStrategy" />
        <property name="blockSize"  value="1"/>
        <property name="table"      value="TE_BOPRSEQ"/>
        <property name="tableName"  value="REHNDN_ID"/>
    </bean>

    <bean name="RehndnIdStrategy"
        class="egovframework.rte.fdl.idgnr.impl.strategy.EgovIdGnrStrategyImpl">
        <property name="prefix" value="REHNDN" />
        <property name="cipers" value="7" />
        <property name="fillChar" value="0" />
    </bean>
    <!-- TN_REHNDN.REHNDN_NO -->
    
    <!-- TN_SCHDUL.SCHDUL_NO -->
    <bean name="egovSchdulIdGnrService"
        class="egovframework.rte.fdl.idgnr.impl.EgovTableIdGnrService"
        destroy-method="destroy">
        <property name="dataSource" ref="egov.dataSource" />
        <property name="strategy"   ref="SchdulIdStrategy" />
        <property name="blockSize"  value="1"/>
        <property name="table"      value="TE_BOPRSEQ"/>
        <property name="tableName"  value="SCHDUL_ID"/>
    </bean>

    <bean name="SchdulIdStrategy"
        class="egovframework.rte.fdl.idgnr.impl.strategy.EgovIdGnrStrategyImpl">
        <property name="prefix" value="SCHDUL" />
        <property name="cipers" value="7" />
        <property name="fillChar" value="0" />
    </bean>
    <!-- TN_SCHDUL.SCHDUL_NO -->
    
    <!-- TN_SCHDUL_RESULT.SCHDUL_RESULT_NO -->
    <bean name="egovSchdulResultIdGnrService"
        class="egovframework.rte.fdl.idgnr.impl.EgovTableIdGnrService"
        destroy-method="destroy">
        <property name="dataSource" ref="egov.dataSource" />
        <property name="strategy"   ref="SchdulResultIdStrategy" />
        <property name="blockSize"  value="1"/>
        <property name="table"      value="TE_BOPRSEQ"/>
        <property name="tableName"  value="RESULT_ID"/>
    </bean>

    <bean name="SchdulResultIdStrategy"
        class="egovframework.rte.fdl.idgnr.impl.strategy.EgovIdGnrStrategyImpl">
        <property name="prefix" value="RESULT" />
        <property name="cipers" value="7" />
        <property name="fillChar" value="0" />
    </bean>
    <!-- TN_SCHDUL_RESULT.SCHDUL_RESULT_NO -->
    
    <!-- TN_NTCN.NTCN_NO -->
    <bean name="egovSttusNtcnIdGnrService"
        class="egovframework.rte.fdl.idgnr.impl.EgovTableIdGnrService"
        destroy-method="destroy">
        <property name="dataSource" ref="egov.dataSource" />
        <property name="strategy"   ref="SttusNtcnIdStrategy" />
        <property name="blockSize"  value="1"/>
        <property name="table"      value="TE_BOPRSEQ"/>
        <property name="tableName"  value="STTUSNTCN_ID"/>
    </bean>

    <bean name="SttusNtcnIdStrategy"
        class="egovframework.rte.fdl.idgnr.impl.strategy.EgovIdGnrStrategyImpl">
        <property name="prefix" value="NTCN" />
        <property name="cipers" value="9" />
        <property name="fillChar" value="0" />
    </bean>
    <!-- TN_NTCN.NTCN_NO -->
    
    <!-- 이슈관리 START-->
	<bean name="egovIssueIdGnrService"
        class="egovframework.rte.fdl.idgnr.impl.EgovTableIdGnrService"
        destroy-method="destroy">
        <property name="dataSource" ref="egov.dataSource" />
        <property name="strategy"   ref="issueIdStrategy" />
        <property name="blockSize"  value="1"/>
        <property name="table"      value="TE_BOPRSEQ"/>
        <property name="tableName"  value="ISSUE_NO"/>
    </bean>

    <bean name="issueIdStrategy"
        class="egovframework.rte.fdl.idgnr.impl.strategy.EgovIdGnrStrategyImpl">
        <property name="prefix" value="ISSUE_" />
        <property name="cipers" value="14" />
        <property name="fillChar" value="0" />
    </bean>
	<!-- 이슈관리 END-->	     
	
	<!-- 지식관리 START-->
	<bean name="egovKnwldgIdGnrService"
        class="egovframework.rte.fdl.idgnr.impl.EgovTableIdGnrService"
        destroy-method="destroy">
        <property name="dataSource" ref="egov.dataSource" />
        <property name="strategy"   ref="knwldgIdStrategy" />
        <property name="blockSize"  value="1"/>
        <property name="table"      value="TE_BOPRSEQ"/>
        <property name="tableName"  value="KNWLDG_NO"/>
    </bean>

    <bean name="knwldgIdStrategy"
        class="egovframework.rte.fdl.idgnr.impl.strategy.EgovIdGnrStrategyImpl">
        <property name="prefix" value="KNWLDG_" />
        <property name="cipers" value="13" />
        <property name="fillChar" value="0" />
    </bean>
	<!-- 지식관리 END-->
	       
	       
	<!-- 메일연동 START-->
	<bean name="egovMailIdGnrService"
        class="egovframework.rte.fdl.idgnr.impl.EgovTableIdGnrService"
        destroy-method="destroy">
        <property name="dataSource" ref="egov.dataSource" />
        <property name="strategy"   ref="mailIdStrategy" />
        <property name="blockSize"  value="1"/>
        <property name="table"      value="TE_BOPRSEQ"/>
        <property name="tableName"  value="EMAIL_INTRLCK_NO"/>
    </bean>

    <bean name="mailIdStrategy"
        class="egovframework.rte.fdl.idgnr.impl.strategy.EgovIdGnrStrategyImpl">
        <property name="prefix" value="MAIL_" />
        <property name="cipers" value="15" />
        <property name="fillChar" value="0" />
    </bean>
	<!-- 메일연동 END-->
	
	<!-- FTP연동 START-->
	<bean name="egovFtpIdGnrService"
        class="egovframework.rte.fdl.idgnr.impl.EgovTableIdGnrService"
        destroy-method="destroy">
        <property name="dataSource" ref="egov.dataSource" />
        <property name="strategy"   ref="ftpIdStrategy" />
        <property name="blockSize"  value="1"/>
        <property name="table"      value="TE_BOPRSEQ"/>
        <property name="tableName"  value="FTP_INTRLCK_NO"/>
    </bean>

    <bean name="ftpIdStrategy"
        class="egovframework.rte.fdl.idgnr.impl.strategy.EgovIdGnrStrategyImpl">
        <property name="prefix" value="FTP_" />
        <property name="cipers" value="16" />
        <property name="fillChar" value="0" />
    </bean>
	<!-- FTP연동 END-->
	
	<!-- 댓글ID END-->
	<bean name="egovAnswerNoGnrService"
		class="egovframework.rte.fdl.idgnr.impl.EgovTableIdGnrService"
		destroy-method="destroy">
		<property name="dataSource" ref="egov.dataSource" />
		<property name="strategy" ref="answerNoStrategy" />
		<property name="blockSize" 	value="1"/>
		<property name="table"	   	value="TE_BOPRSEQ"/>
		<property name="tableName"	value="ANSWER_NO"/>
	</bean>
	<bean name="answerNoStrategy"
		class="egovframework.rte.fdl.idgnr.impl.strategy.EgovIdGnrStrategyImpl">
		<property name="cipers" value="20" />
	</bean>	
	<!-- 댓글ID END-->
	
	<!-- 배치운영 공통컴포넌트 -->
	
	<!-- 파일 UPLOAD START -->
	<bean name="egovFileIdGnrService"
		class="egovframework.rte.fdl.idgnr.impl.EgovTableIdGnrService"
		destroy-method="destroy">
		<property name="dataSource" ref="egov.dataSource" />
		<property name="strategy" ref="fileStrategy" />
		<property name="blockSize" 	value="10"/>
		<property name="table"	   	value="TE_BOPRSEQ"/>
		<property name="tableName"	value="FILE_ID"/>
	</bean>
	<bean name="fileStrategy"
		class="egovframework.rte.fdl.idgnr.impl.strategy.EgovIdGnrStrategyImpl">
		<property name="prefix" value="FILE_" />
		<property name="cipers" value="15" />
		<property name="fillChar" value="0" />
	</bean>
	<!-- 파일 UPLOAD END -->
	
	<bean name="egovSmsIdGnrService"
		class="egovframework.rte.fdl.idgnr.impl.EgovTableIdGnrService"
		destroy-method="destroy">
		<property name="dataSource" ref="egov.dataSource" />
		<property name="strategy" ref="smsStrategy" />
		<property name="blockSize" 	value="10"/>
		<property name="table"	   	value="TE_BOPRSEQ"/>
		<property name="tableName"	value="SMS_ID"/>
	</bean>
	<bean name="smsStrategy"
		class="egovframework.rte.fdl.idgnr.impl.strategy.EgovIdGnrStrategyImpl">
		<property name="prefix" value="SMS_" />
		<property name="cipers" value="16" />
		<property name="fillChar" value="0" />
	</bean>	
	
	
	
	
	
	
	
	
	
	
	
	<!-- 배치운영 공통컴포넌트 끝-->
	
	
	
	
	
	
	
	
	
	
	<!-- 공통컴포넌트 3차사업 IDGEN -->
	<!-- 위키북마크 -->
	<bean name="egovWikiBookmarkIdGnrService"
		class="egovframework.rte.fdl.idgnr.impl.EgovTableIdGnrService"
		destroy-method="destroy">
		<property name="dataSource" ref="egov.dataSource" />
		<property name="strategy" ref="egovWikiBookmarkIdMsgtrategy" />
		<property name="blockSize" 	value="1"/>
		<property name="table"	   	value="TE_COPSEQ"/>
		<property name="tableName"	value="WIKI_ID"/>
	</bean>
	<bean name="egovWikiBookmarkIdMsgtrategy"
		class="egovframework.rte.fdl.idgnr.impl.strategy.EgovIdGnrStrategyImpl">
		<property name="prefix" value="WIKI" />
		<property name="cipers" value="16" />
		<property name="fillChar" value="0" />
	</bean>
	
	<!-- 지식정보제공/지식정보요청 -->
	<bean name="egovRequestOfferIdGnrService"
		class="egovframework.rte.fdl.idgnr.impl.EgovTableIdGnrService"
		destroy-method="destroy">
		<property name="dataSource" ref="egov.dataSource" />
		<property name="strategy" ref="egovRequestOfferIdMsgtrategy" />
		<property name="blockSize" 	value="1"/>
		<property name="table"	   	value="TE_COPSEQ"/>
		<property name="tableName"	value="KNO_ID2"/>
	</bean>
	<bean name="egovRequestOfferIdMsgtrategy"
		class="egovframework.rte.fdl.idgnr.impl.strategy.EgovIdGnrStrategyImpl">
		<property name="prefix" value="KNO_ID2" />
		<property name="cipers" value="13" />
		<property name="fillChar" value="0" />
	</bean>
	<!-- RSS관리 -->
	<bean name="egovRssTagManageIdGnrService"
		class="egovframework.rte.fdl.idgnr.impl.EgovTableIdGnrService"
		destroy-method="destroy">
		<property name="dataSource" ref="egov.dataSource" />
		<property name="strategy" ref="egovRssTagManageIdMsgtrategy" />
		<property name="blockSize" 	value="1"/>
		<property name="table"	   	value="TE_COPSEQ"/>
		<property name="tableName"	value="RSS_ID"/>
	</bean>
	<bean name="egovRssTagManageIdMsgtrategy"
		class="egovframework.rte.fdl.idgnr.impl.strategy.EgovIdGnrStrategyImpl">
		<property name="prefix" value="RSS_ID" />
		<property name="cipers" value="14" />
		<property name="fillChar" value="0" />
	</bean>
	
	<!-- 쪽지관리 -->
	<bean name="egovNoteManageIdGnrService"
		class="egovframework.rte.fdl.idgnr.impl.EgovTableIdGnrService"
		destroy-method="destroy">
		<property name="dataSource" ref="egov.dataSource" />
		<property name="strategy" ref="egovNoteManageIdMsgtrategy" />
		<property name="blockSize" 	value="1"/>
		<property name="table"	   	value="TE_COPSEQ"/>
		<property name="tableName"	value="NOTE_ID"/>
	</bean>
	<bean name="egovNoteManageIdMsgtrategy"
		class="egovframework.rte.fdl.idgnr.impl.strategy.EgovIdGnrStrategyImpl">
		<property name="prefix" value="NOTE_ID" />
		<property name="cipers" value="13" />
		<property name="fillChar" value="0" />
	</bean>
	
	<!-- 보낸쪽지함관리 -->
	<bean name="egovNoteTrnsmitIdGnrService"
		class="egovframework.rte.fdl.idgnr.impl.EgovTableIdGnrService"
		destroy-method="destroy">
		<property name="dataSource" ref="egov.dataSource" />
		<property name="strategy" ref="egovNoteTrnsmitIdMsgtrategy" />
		<property name="blockSize" 	value="1"/>
		<property name="table"	   	value="TE_COPSEQ"/>
		<property name="tableName"	value="NOTE_TRNSMIT_ID"/>
	</bean>
	<bean name="egovNoteTrnsmitIdMsgtrategy"
		class="egovframework.rte.fdl.idgnr.impl.strategy.EgovIdGnrStrategyImpl">
		<property name="prefix" value="NOTE_TR" />
		<property name="cipers" value="13" />
		<property name="fillChar" value="0" />
	</bean>
	
	<!-- 받은쪽지함관리 -->
	<bean name="egovNoteRecptnIdGnrService"
		class="egovframework.rte.fdl.idgnr.impl.EgovTableIdGnrService"
		destroy-method="destroy">
		<property name="dataSource" ref="egov.dataSource" />
		<property name="strategy" ref="egovNoteRecptnIdMsgtrategy" />
		<property name="blockSize" 	value="1"/>
		<property name="table"	   	value="TE_COPSEQ"/>
		<property name="tableName"	value="NOTE_RECPTN_ID"/>
	</bean>
	<bean name="egovNoteRecptnIdMsgtrategy"
		class="egovframework.rte.fdl.idgnr.impl.strategy.EgovIdGnrStrategyImpl">
		<property name="prefix" value="NOTE_RE" />
		<property name="cipers" value="13" />
		<property name="fillChar" value="0" />
	</bean>
	
	<!-- 공통컴포넌트 2차사업 IDGEN -->
	<!-- 시스템연계 -->
	<bean name="egovSystemCntcIdGnrService"
		class="egovframework.rte.fdl.idgnr.impl.EgovTableIdGnrService"
		destroy-method="destroy">
		<property name="dataSource" ref="egov.dataSource" />
		<property name="strategy" ref="egovSystemCntcIdMsgtrategy" />
		<property name="blockSize" 	value="1"/>
		<property name="table"	   	value="TE_COPSEQ"/>
		<property name="tableName"	value="CNTC_ID"/>
	</bean>
	<bean name="egovSystemCntcIdMsgtrategy"
		class="egovframework.rte.fdl.idgnr.impl.strategy.EgovIdGnrStrategyImpl">
		<property name="prefix" value="CNTC" />
		<property name="cipers" value="4" />
		<property name="fillChar" value="0" />
	</bean>

	<!-- 연계기관 -->
	<bean name="egovCntcInsttIdGnrService"
		class="egovframework.rte.fdl.idgnr.impl.EgovTableIdGnrService"
		destroy-method="destroy">
		<property name="dataSource" ref="egov.dataSource" />
		<property name="strategy" ref="egovCntcInsttIdMsgtrategy" />
		<property name="blockSize" 	value="1"/>
		<property name="table"	   	value="TE_COPSEQ"/>
		<property name="tableName"	value="INSTT_ID"/>
	</bean>
	<bean name="egovCntcInsttIdMsgtrategy"
		class="egovframework.rte.fdl.idgnr.impl.strategy.EgovIdGnrStrategyImpl">
		<property name="prefix" value="INS" />
		<property name="cipers" value="5" />
		<property name="fillChar" value="0" />
	</bean>

	<!-- 연계시스템 -->
	<bean name="egovCntcSystemIdGnrService"
		class="egovframework.rte.fdl.idgnr.impl.EgovTableIdGnrService"
		destroy-method="destroy">
		<property name="dataSource" ref="egov.dataSource" />
		<property name="strategy" ref="egovCntcSystemIdMsgtrategy" />
		<property name="blockSize" 	value="1"/>
		<property name="table"	   	value="TE_COPSEQ"/>
		<property name="tableName"	value="SYS_ID"/>
	</bean>
	<bean name="egovCntcSystemIdMsgtrategy"
		class="egovframework.rte.fdl.idgnr.impl.strategy.EgovIdGnrStrategyImpl">
		<property name="prefix" value="SYS" />
		<property name="cipers" value="5" />
		<property name="fillChar" value="0" />
	</bean>

	<!-- 연계서비스 -->
	<bean name="egovCntcServiceIdGnrService"
		class="egovframework.rte.fdl.idgnr.impl.EgovTableIdGnrService"
		destroy-method="destroy">
		<property name="dataSource" ref="egov.dataSource" />
		<property name="strategy" ref="egovCntcServiceIdMsgtrategy" />
		<property name="blockSize" 	value="1"/>
		<property name="table"	   	value="TE_COPSEQ"/>
		<property name="tableName"	value="SVC_ID"/>
	</bean>
	<bean name="egovCntcServiceIdMsgtrategy"
		class="egovframework.rte.fdl.idgnr.impl.strategy.EgovIdGnrStrategyImpl">
		<property name="prefix" value="SVC" />
		<property name="cipers" value="5" />
		<property name="fillChar" value="0" />
	</bean>

	<!-- 연계메시지 -->
	<bean name="egovCntcMessageIdGnrService"
		class="egovframework.rte.fdl.idgnr.impl.EgovTableIdGnrService"
		destroy-method="destroy">
		<property name="dataSource" ref="egov.dataSource" />
		<property name="strategy" ref="egovCntcMessageIdMsgtrategy" />
		<property name="blockSize" 	value="1"/>
		<property name="table"	   	value="TE_COPSEQ"/>
		<property name="tableName"	value="CNTC_MESSAGE_ID"/>
	</bean>
	<bean name="egovCntcMessageIdMsgtrategy"
		class="egovframework.rte.fdl.idgnr.impl.strategy.EgovIdGnrStrategyImpl">
		<property name="prefix" value="MSG" />
		<property name="cipers" value="17" />
		<property name="fillChar" value="0" />
	</bean>

	<!-- 연계메시지항목 -->
	<bean name="egovCntcMessageItemIdGnrService"
		class="egovframework.rte.fdl.idgnr.impl.EgovTableIdGnrService"
		destroy-method="destroy">
		<property name="dataSource" ref="egov.dataSource" />
		<property name="strategy" ref="egovCntcMessageItemIdMsgtrategy" />
		<property name="blockSize" 	value="1"/>
		<property name="table"	   	value="TE_COPSEQ"/>
		<property name="tableName"	value="ITEM_ID"/>
	</bean>
	<bean name="egovCntcMessageItemIdMsgtrategy"
		class="egovframework.rte.fdl.idgnr.impl.strategy.EgovIdGnrStrategyImpl">
		<property name="prefix" value="ITM" />
		<property name="cipers" value="17" />
		<property name="fillChar" value="0" />
	</bean>

	<!-- 기관코드 수신 작업일련번호 -->
	<bean name="egovInsttCodeRecptnIdGnrService"
		class="egovframework.rte.fdl.idgnr.impl.EgovTableIdGnrService"
		destroy-method="destroy">
		<property name="dataSource" ref="egov.dataSource" />
		<property name="blockSize" 	value="1"/>
		<property name="table"	   	value="TE_COPSEQ"/>
		<property name="tableName"	value="INSTT_CODE_OPERT"/>
	</bean>

	<!-- 행정코드 수신 작업일련번호 -->
	<bean name="egovAdministCodeRecptnIdGnrService"
		class="egovframework.rte.fdl.idgnr.impl.EgovTableIdGnrService"
		destroy-method="destroy">
		<property name="dataSource" ref="egov.dataSource" />
		<property name="blockSize" 	value="1"/>
		<property name="table"	   	value="TE_COPSEQ"/>
		<property name="tableName"	value="ADMIN_CODE_OPERT"/>
	</bean>

	<!-- 팝업창관리 -->
	<bean name="egovPopupManageIdGnrService"
		class="egovframework.rte.fdl.idgnr.impl.EgovTableIdGnrService"
		destroy-method="destroy">
		<property name="dataSource" ref="egov.dataSource" />
		<property name="strategy" ref="egovPopupManageIdMsgtrategy" />
		<property name="blockSize" 	value="1"/>
		<property name="table"	   	value="TE_COPSEQ"/>
		<property name="tableName"	value="POPUP_ID"/>
	</bean>
	<bean name="egovPopupManageIdMsgtrategy"
		class="egovframework.rte.fdl.idgnr.impl.strategy.EgovIdGnrStrategyImpl">
		<property name="prefix" value="POPUP_" />
		<property name="cipers" value="14" />
		<property name="fillChar" value="0" />
	</bean>
	
	<!-- 최근검색어관리 -->
	<bean name="egovSrchwrdManageIdGnrService"
		class="egovframework.rte.fdl.idgnr.impl.EgovTableIdGnrService"
		destroy-method="destroy">
		<property name="dataSource" ref="egov.dataSource" />
		<property name="strategy" ref="srchwrdManageIdMsgtrategy" />
		<property name="blockSize" 	value="1"/>
		<property name="table"	   	value="TE_COPSEQ"/>
		<property name="tableName"	value="SRCHWRD_MANAGEID"/>
	</bean>
	<bean name="srchwrdManageIdMsgtrategy"
		class="egovframework.rte.fdl.idgnr.impl.strategy.EgovIdGnrStrategyImpl">
		<property name="prefix" value="SRCMGR_" />
		<property name="cipers" value="13" />
		<property name="fillChar" value="0" />
	</bean>
	<!-- 최근검색어 -->
	<bean name="egovSrchwrdIdGnrService"
		class="egovframework.rte.fdl.idgnr.impl.EgovTableIdGnrService"
		destroy-method="destroy">
		<property name="dataSource" ref="egov.dataSource" />
		<property name="strategy" ref="srchwrdIdMsgtrategy" />
		<property name="blockSize" 	value="1"/>
		<property name="table"	   	value="TE_COPSEQ"/>
		<property name="tableName"	value="SRCHWRD_ID"/>
	</bean>
	<bean name="srchwrdIdMsgtrategy"
		class="egovframework.rte.fdl.idgnr.impl.strategy.EgovIdGnrStrategyImpl">
		<property name="prefix" value="SRC_" />
		<property name="cipers" value="16" />
		<property name="fillChar" value="0" />
	</bean>
	
	
	<!-- 행정전문용어사전 -->
	<bean name="egovAdministrationWordIdGnrService"
		class="egovframework.rte.fdl.idgnr.impl.EgovTableIdGnrService"
		destroy-method="destroy">
		<property name="dataSource" ref="egov.dataSource" />
		<property name="strategy" ref="administrationWordIdMsgtrategy" />
		<property name="blockSize" 	value="1"/>
		<property name="table"	   	value="TE_COPSEQ"/>
		<property name="tableName"	value="ADMINIST_WORD_ID"/>
	</bean>
	<bean name="administrationWordIdMsgtrategy"
		class="egovframework.rte.fdl.idgnr.impl.strategy.EgovIdGnrStrategyImpl">
		<property name="prefix" value="ADMINIST_" />
		<property name="cipers" value="11" />
		<property name="fillChar" value="0" />
	</bean>	
	
	<!-- 개정정보보호정책확인 -->
	<bean name="egovIndvdlInfoPolicyIdGnrService"
		class="egovframework.rte.fdl.idgnr.impl.EgovTableIdGnrService"
		destroy-method="destroy">
		<property name="dataSource" ref="egov.dataSource" />
		<property name="strategy" ref="indvdlInfoPolicyIdMsgtrategy" />
		<property name="blockSize" 	value="1"/>
		<property name="table"	   	value="TE_COPSEQ"/>
		<property name="tableName"	value="INDVDL_INFO_ID"/>
	</bean>
	<bean name="indvdlInfoPolicyIdMsgtrategy"
		class="egovframework.rte.fdl.idgnr.impl.strategy.EgovIdGnrStrategyImpl">
		<property name="prefix" value="INDVDL_" />
		<property name="cipers" value="13" />
		<property name="fillChar" value="0" />
	</bean>	
	
	<!-- 통합링크 -->
	<bean name="egovUnityLinkIdGnrService"
		class="egovframework.rte.fdl.idgnr.impl.EgovTableIdGnrService"
		destroy-method="destroy">
		<property name="dataSource" ref="egov.dataSource" />
		<property name="strategy" ref="unityLinkIdMsgtrategy" />
		<property name="blockSize" 	value="1"/>
		<property name="table"	   	value="TE_COPSEQ"/>
		<property name="tableName"	value="UNITY_LINK_ID"/>
	</bean>
	<bean name="unityLinkIdMsgtrategy"
		class="egovframework.rte.fdl.idgnr.impl.strategy.EgovIdGnrStrategyImpl">
		<property name="prefix" value="ULINK_" />
		<property name="cipers" value="14" />
		<property name="fillChar" value="0" />
	</bean>	
	
	<!-- 온라인메뉴얼 -->
	<bean name="egovOnlineMenualIdGnrService"
		class="egovframework.rte.fdl.idgnr.impl.EgovTableIdGnrService"
		destroy-method="destroy">
		<property name="dataSource" ref="egov.dataSource" />
		<property name="strategy" ref="onlineMenualMsgtrategy" />
		<property name="blockSize" 	value="1"/>
		<property name="table"	   	value="TE_COPSEQ"/>
		<property name="tableName"	value="ONLINE_MUL_ID"/>
	</bean>
	<bean name="onlineMenualMsgtrategy"
		class="egovframework.rte.fdl.idgnr.impl.strategy.EgovIdGnrStrategyImpl">
		<property name="prefix" value="OMUL_" />
		<property name="cipers" value="15" />
		<property name="fillChar" value="0" />
	</bean>	
	
	<!-- 온라인POLL관리 -->		
	<bean name="egovOnlinePollManageIdGnrService"
		class="egovframework.rte.fdl.idgnr.impl.EgovTableIdGnrService"
		destroy-method="destroy">
		<property name="dataSource" ref="egov.dataSource" />
		<property name="strategy" ref="onlinePollManageMsgtrategy" />
		<property name="blockSize" 	value="1"/>
		<property name="table"	   	value="TE_COPSEQ"/>
		<property name="tableName"	value="POLL_MGR_ID"/>
	</bean>
	<bean name="onlinePollManageMsgtrategy"
		class="egovframework.rte.fdl.idgnr.impl.strategy.EgovIdGnrStrategyImpl">
		<property name="prefix" value="POLLMGR_" />
		<property name="cipers" value="12" />
		<property name="fillChar" value="0" />
	</bean>	
	<!-- 온라인POLL항목 -->
	<bean name="egovOnlinePollItemIdGnrService"
		class="egovframework.rte.fdl.idgnr.impl.EgovTableIdGnrService"
		destroy-method="destroy">
		<property name="dataSource" ref="egov.dataSource" />
		<property name="strategy" ref="onlinePollItemMsgtrategy" />
		<property name="blockSize" 	value="1"/>
		<property name="table"	   	value="TE_COPSEQ"/>
		<property name="tableName"	value="POLL_IEM_ID"/>
	</bean>
	<bean name="onlinePollItemMsgtrategy"
		class="egovframework.rte.fdl.idgnr.impl.strategy.EgovIdGnrStrategyImpl">
		<property name="prefix" value="POLLIEM_" />
		<property name="cipers" value="12" />
		<property name="fillChar" value="0" />
	</bean>	
	<!-- 온라인POLL결과-->
	<bean name="egovOnlinePollResultIdGnrService"
		class="egovframework.rte.fdl.idgnr.impl.EgovTableIdGnrService"
		destroy-method="destroy">
		<property name="dataSource" ref="egov.dataSource" />
		<property name="strategy" ref="onlinePollResultMsgtrategy" />
		<property name="blockSize" 	value="1"/>
		<property name="table"	   	value="TE_COPSEQ"/>
		<property name="tableName"	value="POLL_RUT_ID"/>
	</bean>
	<bean name="onlinePollResultMsgtrategy"
		class="egovframework.rte.fdl.idgnr.impl.strategy.EgovIdGnrStrategyImpl">
		<property name="prefix" value="POLLRUT_" />
		<property name="cipers" value="12" />
		<property name="fillChar" value="0" />
	</bean>	
	
	<!-- TO BE DLEETED START-->
	<bean name="egovIdGnrService"
		class="egovframework.rte.fdl.idgnr.impl.EgovTableIdGnrService"
		destroy-method="destroy">
		<property name="dataSource" ref="egov.dataSource" />
		<property name="strategy" ref="mixPrefixSample" />
		<property name="blockSize" 	value="10"/>
		<property name="table"	   	value="ids"/>
		<property name="tableName"	value="TN_WORDDICARYINFO"/>
	</bean>

	<bean name="mixPrefixSample"
		class="egovframework.rte.fdl.idgnr.impl.strategy.EgovIdGnrStrategyImpl">
		<property name="prefix" value="SAMPLE-" />
		<property name="cipers" value="5" />
		<property name="fillChar" value="0" />
	</bean>	
	<!-- TO BE DLEETED END-->
	
	
	
	<!-- 게시판용 NTT_ID 생성 -->
	<bean name="egovNttIdGnrService"
		class="egovframework.rte.fdl.idgnr.impl.EgovTableIdGnrService"
		destroy-method="destroy">
		<property name="dataSource" ref="egov.dataSource" />
		<property name="strategy" ref="nttIdStrategy" />
		<property name="blockSize" 	value="1"/>
		<property name="table"	   	value="TE_COPSEQ"/>
		<property name="tableName"	value="NTT_ID"/>
	</bean>
	<bean name="nttIdStrategy"
		class="egovframework.rte.fdl.idgnr.impl.strategy.EgovIdGnrStrategyImpl">
		<property name="cipers" value="20" />
	</bean>	
	
	<!-- 답글 STSFDG_NO 생성 -->
	<bean name="egovStsfdgNoGnrService"
		class="egovframework.rte.fdl.idgnr.impl.EgovTableIdGnrService"
		destroy-method="destroy">
		<property name="dataSource" ref="egov.dataSource" />
		<property name="strategy" ref="stsfdgNoStrategy" />
		<property name="blockSize" 	value="1"/>
		<property name="table"	   	value="TE_COPSEQ"/>
		<property name="tableName"	value="STSFDG_NO"/>
	</bean>
	<bean name="stsfdgNoStrategy"
		class="egovframework.rte.fdl.idgnr.impl.strategy.EgovIdGnrStrategyImpl">
		<property name="cipers" value="20" />
	</bean>
	
	
		
	<bean name="egovBBSMstrIdGnrService"
		class="egovframework.rte.fdl.idgnr.impl.EgovTableIdGnrService"
		destroy-method="destroy">
		<property name="dataSource" ref="egov.dataSource" />
		<property name="strategy" ref="bbsMstrStrategy" />
		<property name="blockSize" 	value="10"/>
		<property name="table"	   	value="TE_COPSEQ"/>
		<property name="tableName"	value="BBS_ID"/>
	</bean>
	<bean name="bbsMstrStrategy"
		class="egovframework.rte.fdl.idgnr.impl.strategy.EgovIdGnrStrategyImpl">
		<property name="prefix" value="BBSMSTR_" />
		<property name="cipers" value="12" />
		<property name="fillChar" value="0" />
	</bean>		
		
	<bean name="egovClbIdGnrService"
		class="egovframework.rte.fdl.idgnr.impl.EgovTableIdGnrService"
		destroy-method="destroy">
		<property name="dataSource" ref="egov.dataSource" />
		<property name="strategy" ref="clbStrategy" />
		<property name="blockSize" 	value="10"/>
		<property name="table"	   	value="TE_COPSEQ"/>
		<property name="tableName"	value="CLB_ID"/>
	</bean>
	<bean name="clbStrategy"
		class="egovframework.rte.fdl.idgnr.impl.strategy.EgovIdGnrStrategyImpl">
		<property name="prefix" value="CLB_" />
		<property name="cipers" value="16" />
		<property name="fillChar" value="0" />
	</bean>	
		
	<bean name="egovCmmntyIdGnrService"
		class="egovframework.rte.fdl.idgnr.impl.EgovTableIdGnrService"
		destroy-method="destroy">
		<property name="dataSource" ref="egov.dataSource" />
		<property name="strategy" ref="cmmntyStrategy" />
		<property name="blockSize" 	value="10"/>
		<property name="table"	   	value="TE_COPSEQ"/>
		<property name="tableName"	value="CMMNTY_ID"/>
	</bean>
	<bean name="cmmntyStrategy"
		class="egovframework.rte.fdl.idgnr.impl.strategy.EgovIdGnrStrategyImpl">
		<property name="prefix" value="CMMNTY_" />
		<property name="cipers" value="13" />
		<property name="fillChar" value="0" />
	</bean>			

	<bean name="egovUsrCnfrmIdGnrService"
		class="egovframework.rte.fdl.idgnr.impl.EgovTableIdGnrService"
		destroy-method="destroy">
		<property name="dataSource" ref="egov.dataSource" />
		<property name="strategy" ref="usrCnfrmStrategy" />
		<property name="blockSize" 	value="10"/>
		<property name="table"	   	value="TE_COPSEQ"/>
		<property name="tableName"	value="USRCNFRM_ID"/>
	</bean>
	<bean name="usrCnfrmStrategy"
		class="egovframework.rte.fdl.idgnr.impl.strategy.EgovIdGnrStrategyImpl">
		<property name="prefix" value="USRCNFRM_" />
		<property name="cipers" value="11" />
		<property name="fillChar" value="0" />
	</bean>		
				
	<bean name="egovMailMsgIdGnrService"
		class="egovframework.rte.fdl.idgnr.impl.EgovTableIdGnrService"
		destroy-method="destroy">
		<property name="dataSource" ref="egov.dataSource" />
		<property name="strategy" ref="mailMsgtrategy" />
		<property name="blockSize" 	value="10"/>
		<property name="table"	   	value="TE_COPSEQ"/>
		<property name="tableName"	value="MAILMSG_ID"/>
	</bean>
	<bean name="mailMsgtrategy"
		class="egovframework.rte.fdl.idgnr.impl.strategy.EgovIdGnrStrategyImpl">
		<property name="prefix" value="MAILMSG_" />
		<property name="cipers" value="12" />
		<property name="fillChar" value="0" />
	</bean>	
			
	<bean name="egovRestDeIdGnrService"
		class="egovframework.rte.fdl.idgnr.impl.EgovTableIdGnrService"
		destroy-method="destroy">
		<property name="dataSource" ref="egov.dataSource" />
		<property name="blockSize" 	value="10"/>
		<property name="table"	   	value="TE_COPSEQ"/>
		<property name="tableName"	value="RESTDE_ID"/>
	</bean>
			
	<!-- WordDicary... START-->			
	<bean name="egovWordDicaryIdGnrService"
		class="egovframework.rte.fdl.idgnr.impl.EgovTableIdGnrService"
		destroy-method="destroy">
		<property name="dataSource" ref="egov.dataSource" />
		<property name="strategy"   ref="wordDicaryStrategy" />
		<property name="blockSize" 	value="10"/>
		<property name="table"	   	value="TE_COPSEQ"/>
		<property name="tableName"	value="WORD_ID"/>
	</bean>

	<bean name="wordDicaryStrategy"
		class="egovframework.rte.fdl.idgnr.impl.strategy.EgovIdGnrStrategyImpl">
		<property name="prefix" value="WORDDICARY_" />
		<property name="cipers" value="9" />
		<property name="fillChar" value="0" />
	</bean>		
	<!-- WordDicary... END-->	

	<!-- 회의관리 -->	
	<bean name="egovMgtIdGnrService"
		class="egovframework.rte.fdl.idgnr.impl.EgovTableIdGnrService"
		destroy-method="destroy">
		<property name="dataSource" ref="egov.dataSource" />
		<property name="strategy" ref="mgtMsgtrategy" />
		<property name="blockSize" 	value="10"/>
		<property name="table"	   	value="TE_COPSEQ"/>
		<property name="tableName"	value="MTG_ID"/>
	</bean>
	<bean name="mgtMsgtrategy"
		class="egovframework.rte.fdl.idgnr.impl.strategy.EgovIdGnrStrategyImpl">
		<property name="prefix" value="MTG_" />
		<property name="cipers" value="16" />
		<property name="fillChar" value="0" />
	</bean>	
	
	<!-- 행사/이벤트/켐페인 -->		
	<bean name="egovEventInfoIdGnrService"
		class="egovframework.rte.fdl.idgnr.impl.EgovTableIdGnrService"
		destroy-method="destroy">
		<property name="dataSource" ref="egov.dataSource" />
		<property name="strategy" ref="mgtEventInfotrategy" />
		<property name="blockSize" 	value="10"/>
		<property name="table"	   	value="TE_COPSEQ"/>
		<property name="tableName"	value="EVENTINFO_ID"/>
	</bean>
	<bean name="mgtEventInfotrategy"
		class="egovframework.rte.fdl.idgnr.impl.strategy.EgovIdGnrStrategyImpl">
		<property name="prefix" value="EVENT_" />
		<property name="cipers" value="14" />
		<property name="fillChar" value="0" />
	</bean>	
	
	<!-- 외부인사정보 -->		
	<bean name="egovExtrlhrInfoIdGnrService"
		class="egovframework.rte.fdl.idgnr.impl.EgovTableIdGnrService"
		destroy-method="destroy">
		<property name="dataSource" ref="egov.dataSource" />
		<property name="strategy" ref="mgtExtrlhrInfotrategy" />
		<property name="blockSize" 	value="10"/>
		<property name="table"	   	value="TE_COPSEQ"/>
		<property name="tableName"	value="EXTRLHRINFO_ID"/>
	</bean>
	<bean name="mgtExtrlhrInfotrategy"
		class="egovframework.rte.fdl.idgnr.impl.strategy.EgovIdGnrStrategyImpl">
		<property name="prefix" value="EXTRLHR_" />
		<property name="cipers" value="12" />
		<property name="fillChar" value="0" />
	</bean>

	<!-- 설문템플릿 -->	
		<bean name="egovQustnrTmplatManageIdGnrService"
		class="egovframework.rte.fdl.idgnr.impl.EgovTableIdGnrService"
		destroy-method="destroy">
		<property name="dataSource" ref="egov.dataSource" />
		<property name="strategy" ref="QustnrTmplatManageInfotrategy" />
		<property name="blockSize" 	value="10"/>
		<property name="table"	   	value="TE_COPSEQ"/>
		<property name="tableName"	value="QUSTNRTMPLA_ID"/>
	</bean>
	<bean name="QustnrTmplatManageInfotrategy"
		class="egovframework.rte.fdl.idgnr.impl.strategy.EgovIdGnrStrategyImpl">
		<property name="prefix" value="QTMPLA_" />
		<property name="cipers" value="13" />
		<property name="fillChar" value="0" />
	</bean>
	<!-- 설문관리 -->
	<bean name="egovQustnrManageIdGnrService"
		class="egovframework.rte.fdl.idgnr.impl.EgovTableIdGnrService"
		destroy-method="destroy">
		<property name="dataSource" ref="egov.dataSource" />
		<property name="strategy" ref="QustnrManageInfotrategy" />
		<property name="blockSize" 	value="10"/>
		<property name="table"	   	value="TE_COPSEQ"/>
		<property name="tableName"	value="QUSTNRTMPLA_ID"/>
	</bean>
	<bean name="QustnrManageInfotrategy"
		class="egovframework.rte.fdl.idgnr.impl.strategy.EgovIdGnrStrategyImpl">
		<property name="prefix" value="QMANAGE_" />
		<property name="cipers" value="12" />
		<property name="fillChar" value="0" />
	</bean>
	<!-- 설문문항  -->
	<bean name="egovQustnrQestnManageIdGnrService"
		class="egovframework.rte.fdl.idgnr.impl.EgovTableIdGnrService"
		destroy-method="destroy">
		<property name="dataSource" ref="egov.dataSource" />
		<property name="strategy" ref="QustnrQestnManageInfotrategy" />
		<property name="blockSize" 	value="10"/>
		<property name="table"	   	value="TE_COPSEQ"/>
		<property name="tableName"	value="QUSTNRQESTN_ID"/>
	</bean>
	<bean name="QustnrQestnManageInfotrategy"
		class="egovframework.rte.fdl.idgnr.impl.strategy.EgovIdGnrStrategyImpl">
		<property name="prefix" value="QQESTN_" />
		<property name="cipers" value="13" />
		<property name="fillChar" value="0" />
	</bean>
	<!-- 설문항목 -->
	<bean name="egovQustnrItemManageIdGnrService"
		class="egovframework.rte.fdl.idgnr.impl.EgovTableIdGnrService"
		destroy-method="destroy">
		<property name="dataSource" ref="egov.dataSource" />
		<property name="strategy" ref="QustnrItemManageInfotrategy" />
		<property name="blockSize" 	value="10"/>
		<property name="table"	   	value="TE_COPSEQ"/>
		<property name="tableName"	value="QESTNR_QESITM_ID"/>
	</bean>
	<bean name="QustnrItemManageInfotrategy"
		class="egovframework.rte.fdl.idgnr.impl.strategy.EgovIdGnrStrategyImpl">
		<property name="prefix" value="QESITM_" />
		<property name="cipers" value="13" />
		<property name="fillChar" value="0" />
	</bean>
	<!-- 설문응답자정보 -->
	<bean name="qustnrRespondManageIdGnrService"
		class="egovframework.rte.fdl.idgnr.impl.EgovTableIdGnrService"
		destroy-method="destroy">
		<property name="dataSource" ref="egov.dataSource" />
		<property name="strategy" ref="QustnrRespondManageInfotrategy" />
		<property name="blockSize" 	value="10"/>
		<property name="table"	   	value="TE_COPSEQ"/>
		<property name="tableName"	value="QESTNR_RPD_ID"/>
	</bean>
	<bean name="QustnrRespondManageInfotrategy"
		class="egovframework.rte.fdl.idgnr.impl.strategy.EgovIdGnrStrategyImpl">
		<property name="prefix" value="QRPD_" />
		<property name="cipers" value="15" />
		<property name="fillChar" value="0" />
	</bean>
	
	<!-- 설문조사 -->
	<bean name="qustnrRespondInfoIdGnrService"
		class="egovframework.rte.fdl.idgnr.impl.EgovTableIdGnrService"
		destroy-method="destroy">
		<property name="dataSource" ref="egov.dataSource" />
		<property name="strategy" ref="QustnrRespondInfotrategy" />
		<property name="blockSize" 	value="10"/>
		<property name="table"	   	value="TE_COPSEQ"/>
		<property name="tableName"	value="QESRSPNS_ID"/>
	</bean>
	<bean name="QustnrRespondInfotrategy"
		class="egovframework.rte.fdl.idgnr.impl.strategy.EgovIdGnrStrategyImpl">
		<property name="prefix" value="QRSPNS_" />
		<property name="cipers" value="13" />
		<property name="fillChar" value="0" />
	</bean>
	
	<!-- 부서일정관리 -->
	<bean name="deptSchdulManageIdGnrService"
		class="egovframework.rte.fdl.idgnr.impl.EgovTableIdGnrService"
		destroy-method="destroy">
		<property name="dataSource" ref="egov.dataSource" />
		<property name="strategy" ref="DeptSchdulManageStrategy" />
		<property name="blockSize" 	value="10"/>
		<property name="table"	   	value="TE_COPSEQ"/>
		<property name="tableName"	value="SCHDUL_ID"/>
	</bean>
	<bean name="DeptSchdulManageStrategy"
		class="egovframework.rte.fdl.idgnr.impl.strategy.EgovIdGnrStrategyImpl">
		<property name="prefix" value="SCHDUL_" />
		<property name="cipers" value="13" />
		<property name="fillChar" value="0" />
	</bean>
	<!-- 일정관리 -->
	<bean name="diaryManageIdGnrService"
		class="egovframework.rte.fdl.idgnr.impl.EgovTableIdGnrService"
		destroy-method="destroy">
		<property name="dataSource" ref="egov.dataSource" />
		<property name="strategy" ref="DiaryManageInfotrategy" />
		<property name="blockSize" 	value="10"/>
		<property name="table"	   	value="TE_COPSEQ"/>
		<property name="tableName"	value="DIARY_ID"/>
	</bean>
	<bean name="DiaryManageInfotrategy"
		class="egovframework.rte.fdl.idgnr.impl.strategy.EgovIdGnrStrategyImpl">
		<property name="prefix" value="DIARY_" />
		<property name="cipers" value="14" />
		<property name="fillChar" value="0" />
	</bean>
	
	<bean name="egovTmplatIdGnrService"
		class="egovframework.rte.fdl.idgnr.impl.EgovTableIdGnrService"
		destroy-method="destroy">
		<property name="dataSource" ref="egov.dataSource" />
		<property name="strategy" ref="tmplatStrategy" />
		<property name="blockSize" 	value="10"/>
		<property name="table"	   	value="TE_COPSEQ"/>
		<property name="tableName"	value="TMPLAT_ID"/>
	</bean>
	<bean name="tmplatStrategy"
		class="egovframework.rte.fdl.idgnr.impl.strategy.EgovIdGnrStrategyImpl">
		<property name="prefix" value="TMPLAT_" />
		<property name="cipers" value="13" />
		<property name="fillChar" value="0" />
	</bean>	
	
	<!-- SiteManage... START-->			
	<bean name="egovSiteManageIdGnrService"
		class="egovframework.rte.fdl.idgnr.impl.EgovTableIdGnrService"
		destroy-method="destroy">
		<property name="dataSource" ref="egov.dataSource" />
		<property name="strategy"   ref="siteManageStrategy" />
		<property name="blockSize" 	value="10"/>
		<property name="table"	   	value="TE_COPSEQ"/>
		<property name="tableName"	value="SITE_ID"/>
	</bean>

	<bean name="siteManageStrategy"
		class="egovframework.rte.fdl.idgnr.impl.strategy.EgovIdGnrStrategyImpl">
		<property name="prefix" value="SITE_" />
		<property name="cipers" value="15" />
		<property name="fillChar" value="0" />
	</bean>		
	<!-- SiteManage... END-->	
	
	<!-- RecomendSiteManage... START-->			
	<bean name="egovRecomendSiteManageIdGnrService"
		class="egovframework.rte.fdl.idgnr.impl.EgovTableIdGnrService"
		destroy-method="destroy">
		<property name="dataSource" ref="egov.dataSource" />
		<property name="strategy"   ref="recomendSiteManageStrategy" />
		<property name="blockSize" 	value="10"/>
		<property name="table"	   	value="TE_COPSEQ"/>
		<property name="tableName"	value="RECOMEND_SITE_ID"/>
	</bean>

	<bean name="recomendSiteManageStrategy"
		class="egovframework.rte.fdl.idgnr.impl.strategy.EgovIdGnrStrategyImpl">
		<property name="prefix" value="RECOMEND_" />
		<property name="cipers" value="11" />
		<property name="fillChar" value="0" />
	</bean>		
	<!-- RecomendSiteManage... END-->	

	<!-- HPCMManage... START-->			
	<bean name="egovHpcmManageIdGnrService"
		class="egovframework.rte.fdl.idgnr.impl.EgovTableIdGnrService"
		destroy-method="destroy">
		<property name="dataSource" ref="egov.dataSource" />
		<property name="strategy"   ref="hpcmManageStrategy" />
		<property name="blockSize" 	value="10"/>
		<property name="table"	   	value="TE_COPSEQ"/>
		<property name="tableName"	value="HPCM_ID"/>
	</bean>

	<bean name="hpcmManageStrategy"
		class="egovframework.rte.fdl.idgnr.impl.strategy.EgovIdGnrStrategyImpl">
		<property name="prefix" value="HPCM_" />
		<property name="cipers" value="15" />
		<property name="fillChar" value="0" />
	</bean>		
	<!-- HPCMManage... END-->
	
	<!-- NewsManage... START-->			
	<bean name="egovNewsManageIdGnrService"
		class="egovframework.rte.fdl.idgnr.impl.EgovTableIdGnrService"
		destroy-method="destroy">
		<property name="dataSource" ref="egov.dataSource" />
		<property name="strategy"   ref="newsManageStrategy" />
		<property name="blockSize" 	value="10"/>
		<property name="table"	   	value="TE_COPSEQ"/>
		<property name="tableName"	value="NEWS_ID"/>
	</bean>

	<bean name="newsManageStrategy"
		class="egovframework.rte.fdl.idgnr.impl.strategy.EgovIdGnrStrategyImpl">
		<property name="prefix" value="NEWS_" />
		<property name="cipers" value="15" />
		<property name="fillChar" value="0" />
	</bean>		
	<!-- NewsManage... END-->		
	
	<!-- FaqManage... START-->			
	<bean name="egovFaqManageIdGnrService"
		class="egovframework.rte.fdl.idgnr.impl.EgovTableIdGnrService"
		destroy-method="destroy">
		<property name="dataSource" ref="egov.dataSource" />
		<property name="strategy"   ref="faqManageStrategy" />
		<property name="blockSize" 	value="10"/>
		<property name="table"	   	value="TE_COPSEQ"/>
		<property name="tableName"	value="FAQ_ID"/>
	</bean>

	<bean name="faqManageStrategy"
		class="egovframework.rte.fdl.idgnr.impl.strategy.EgovIdGnrStrategyImpl">
		<property name="prefix" value="FAQ_" />
		<property name="cipers" value="16" />
		<property name="fillChar" value="0" />
	</bean>		
	<!-- FaqManage... END-->		
	
	<!--  명함 -->
		<bean name="egovNcrdIdGnrService"
		class="egovframework.rte.fdl.idgnr.impl.EgovTableIdGnrService"
		destroy-method="destroy">
		<property name="dataSource" ref="egov.dataSource" />
		<property name="strategy"   ref="ncrdIdStrategy" />
		<property name="blockSize" 	value="10"/>
		<property name="table"	   	value="TE_COPSEQ"/>
		<property name="tableName"	value="NCRD_ID"/>
	</bean>

	<bean name="ncrdIdStrategy"
		class="egovframework.rte.fdl.idgnr.impl.strategy.EgovIdGnrStrategyImpl">
		<property name="prefix" value="NCRD_" />
		<property name="cipers" value="15" />
		<property name="fillChar" value="0" />
	</bean>	
	<!-- 주소록 -->
	<bean name="egovAdbkIdGnrService"
		class="egovframework.rte.fdl.idgnr.impl.EgovTableIdGnrService"
		destroy-method="destroy">
		<property name="dataSource" ref="egov.dataSource" />
		<property name="strategy"   ref="adbkIdStrategy" />
		<property name="blockSize" 	value="1"/>
		<property name="table"	   	value="TE_COPSEQ"/>
		<property name="tableName"	value="ADBK_ID"/>
	</bean>
	<bean name="adbkIdStrategy"
		class="egovframework.rte.fdl.idgnr.impl.strategy.EgovIdGnrStrategyImpl">
		<property name="prefix" value="ADBK_" />
		<property name="cipers" value="15" />
		<property name="fillChar" value="0" />
	</bean>	
	<bean name="egovAdbkUserIdGnrService"
		class="egovframework.rte.fdl.idgnr.impl.EgovTableIdGnrService"
		destroy-method="destroy">
		<property name="dataSource" ref="egov.dataSource" />
		<property name="strategy"   ref="adbkUserIdStrategy" />
		<property name="blockSize" 	value="1"/>
		<property name="table"	   	value="TE_COPSEQ"/>
		<property name="tableName"	value="ADBKUSER_ID"/>
	</bean>
	<bean name="adbkUserIdStrategy"
		class="egovframework.rte.fdl.idgnr.impl.strategy.EgovIdGnrStrategyImpl">
		<property name="prefix" value="ADBKUSER_" />
		<property name="cipers" value="11" />
		<property name="fillChar" value="0" />
	</bean>	
	
    <!--  그룹 -->
    <bean name="egovGroupIdGnrService"
        class="egovframework.rte.fdl.idgnr.impl.EgovTableIdGnrService"
        destroy-method="destroy">
        <property name="dataSource" ref="egov.dataSource" />
        <property name="strategy"   ref="groupIdStrategy" />
        <property name="blockSize"  value="1"/>
        <property name="table"      value="TE_COPSEQ"/>
        <property name="tableName"  value="GROUP_ID"/>
    </bean>

    <bean name="groupIdStrategy"
        class="egovframework.rte.fdl.idgnr.impl.strategy.EgovIdGnrStrategyImpl">
        <property name="prefix" value="GROUP_" />
        <property name="cipers" value="14" />
        <property name="fillChar" value="0" />
    </bean> 
    <!-- 그룹 -->	

    <!--  롤 ID -->
    <bean name="egovRoleIdGnrService"
        class="egovframework.rte.fdl.idgnr.impl.EgovTableIdGnrService"
        destroy-method="destroy">
        <property name="dataSource" ref="egov.dataSource" />
        <property name="strategy"   ref="roleIdStrategy" />
        <property name="blockSize"  value="1"/>
        <property name="table"      value="TE_BOPRSEQ"/>
        <property name="tableName"  value="ROLE_ID"/>
    </bean>

    <bean name="roleIdStrategy"
        class="egovframework.rte.fdl.idgnr.impl.strategy.EgovIdGnrStrategyImpl">
        <property name="prefix" value="" />
        <property name="cipers" value="6" />
        <property name="fillChar" value="0" />
    </bean> 
    <!-- 롤 ID -->

	<!-- StplatManage... START-->			
	<bean name="egovStplatManageIdGnrService"
		class="egovframework.rte.fdl.idgnr.impl.EgovTableIdGnrService"
		destroy-method="destroy">
		<property name="dataSource" ref="egov.dataSource" />
		<property name="strategy"   ref="stplatManageStrategy" />
		<property name="blockSize" 	value="10"/>
		<property name="table"	   	value="TE_COPSEQ"/>
		<property name="tableName"	value="USE_STPLAT_ID"/>
	</bean>

	<bean name="stplatManageStrategy"
		class="egovframework.rte.fdl.idgnr.impl.strategy.EgovIdGnrStrategyImpl">
		<property name="prefix" value="STPLAT_" />
		<property name="cipers" value="13" />
		<property name="fillChar" value="0" />
	</bean>		
	<!-- StplatManage... END-->		

	<!-- CpyrhtPrtcPolicy... START-->			
	<bean name="egovCpyrhtPrtcPolicyIdGnrService"
		class="egovframework.rte.fdl.idgnr.impl.EgovTableIdGnrService"
		destroy-method="destroy">
		<property name="dataSource" ref="egov.dataSource" />
		<property name="strategy"   ref="cpyrhtPrtcPolicyStrategy" />
		<property name="blockSize" 	value="10"/>
		<property name="table"	   	value="TE_COPSEQ"/>
		<property name="tableName"	value="CPYRHT_ID"/>
	</bean>

	<bean name="cpyrhtPrtcPolicyStrategy"
		class="egovframework.rte.fdl.idgnr.impl.strategy.EgovIdGnrStrategyImpl">
		<property name="prefix" value="CPYRHT_" />
		<property name="cipers" value="13" />
		<property name="fillChar" value="0" />
	</bean>		
	<!-- CpyrhtPrtcPolicy... END-->
	
	<!-- Qna... START-->			
	<bean name="egovQnaManageIdGnrService"
		class="egovframework.rte.fdl.idgnr.impl.EgovTableIdGnrService"
		destroy-method="destroy">
		<property name="dataSource" ref="egov.dataSource" />
		<property name="strategy"   ref="qnaManageStrategy" />
		<property name="blockSize" 	value="10"/>
		<property name="table"	   	value="TE_COPSEQ"/>
		<property name="tableName"	value="QA_ID"/>
	</bean>

	<bean name="qnaManageStrategy"
		class="egovframework.rte.fdl.idgnr.impl.strategy.EgovIdGnrStrategyImpl">
		<property name="prefix" value="QA_" />
		<property name="cipers" value="17" />
		<property name="fillChar" value="0" />
	</bean>		
	<!-- Qna... END-->		
			
	<!-- Cnslt... START-->			
	<bean name="egovCnsltManageIdGnrService"
		class="egovframework.rte.fdl.idgnr.impl.EgovTableIdGnrService"
		destroy-method="destroy">
		<property name="dataSource" ref="egov.dataSource" />
		<property name="strategy"   ref="cnsltManageStrategy" />
		<property name="blockSize" 	value="10"/>
		<property name="table"	   	value="TE_COPSEQ"/>
		<property name="tableName"	value="CNSLT_ID"/>
	</bean>

	<bean name="cnsltManageStrategy"
		class="egovframework.rte.fdl.idgnr.impl.strategy.EgovIdGnrStrategyImpl">
		<property name="prefix" value="CNSLT_" />
		<property name="cipers" value="14" />
		<property name="fillChar" value="0" />
	</bean>		
	<!-- Cnslt... END-->		

	<!-- Login Log... START-->			
	<bean name="egovLoginLogIdGnrService"
		class="egovframework.rte.fdl.idgnr.impl.EgovTableIdGnrService"
		destroy-method="destroy">
		<property name="dataSource" ref="egov.dataSource" />
		<property name="strategy"   ref="loginLogStrategy" />
		<property name="blockSize" 	value="1"/>
		<property name="table"	   	value="TE_COPSEQ"/>
		<property name="tableName"	value="LOGINLOG_ID"/>
	</bean>

	<bean name="loginLogStrategy"
		class="egovframework.rte.fdl.idgnr.impl.strategy.EgovIdGnrStrategyImpl">
		<property name="prefix" value="LOGIN_" />
		<property name="cipers" value="14" />
		<property name="fillChar" value="0" />
	</bean>		
	<!-- Login Log... END-->		
    	
	<!-- System Log... START-->			
	<bean name="egovSysLogIdGnrService"
		class="egovframework.rte.fdl.idgnr.impl.EgovTableIdGnrService"
		destroy-method="destroy">
		<property name="dataSource" ref="egov.dataSource" />
		<property name="strategy"   ref="sysLogStrategy" />
		<property name="blockSize" 	value="1"/>
		<property name="table"	   	value="TE_COPSEQ"/>
		<property name="tableName"	value="SYSLOG_ID"/>
	</bean>

	<bean name="sysLogStrategy"
		class="egovframework.rte.fdl.idgnr.impl.strategy.EgovIdGnrStrategyImpl">
		<property name="prefix" value="SYSLOG_" />
		<property name="cipers" value="13" />
		<property name="fillChar" value="0" />
	</bean>		
	<!-- System Log... END-->		
    	
	<!-- Web Log... START-->			
	<bean name="egovWebLogIdGnrService"
		class="egovframework.rte.fdl.idgnr.impl.EgovTableIdGnrService"
		destroy-method="destroy">
		<property name="dataSource" ref="egov.dataSource" />
		<property name="strategy"   ref="webLogStrategy" />
		<property name="blockSize" 	value="1"/>
		<property name="table"	   	value="TE_COPSEQ"/>
		<property name="tableName"	value="WEBLOG_ID"/>
	</bean>

	<bean name="webLogStrategy"
		class="egovframework.rte.fdl.idgnr.impl.strategy.EgovIdGnrStrategyImpl">
		<property name="prefix" value="WEBLOG_" />
		<property name="cipers" value="13" />
		<property name="fillChar" value="0" />
	</bean>		
	<!-- Web Log... END-->		
    	
	<!-- Trsmrcv Log... START-->			
	<bean name="egovTrsmrcvLogIdGnrService"
		class="egovframework.rte.fdl.idgnr.impl.EgovTableIdGnrService"
		destroy-method="destroy">
		<property name="dataSource" ref="egov.dataSource" />
		<property name="strategy"   ref="trsmrcvLogStrategy" />
		<property name="blockSize" 	value="1"/>
		<property name="table"	   	value="TE_COPSEQ"/>
		<property name="tableName"	value="TRSMRCVLOG_ID"/>
	</bean>

	<bean name="trsmrcvLogStrategy"
		class="egovframework.rte.fdl.idgnr.impl.strategy.EgovIdGnrStrategyImpl">
		<property name="prefix" value="TRSMRCV_" />
		<property name="cipers" value="12" />
		<property name="fillChar" value="0" />
	</bean>		
	<!-- Trsmrcv Log... END-->		
    	
    <!--  배너 ID -->
    <bean name="egovBannerIdGnrService"
        class="egovframework.rte.fdl.idgnr.impl.EgovTableIdGnrService"
        destroy-method="destroy">
        <property name="dataSource" ref="egov.dataSource" />
        <property name="strategy"   ref="bannerIdStrategy" />
        <property name="blockSize"  value="1"/>
        <property name="table"      value="TE_COPSEQ"/>
        <property name="tableName"  value="BANNER_ID"/>
    </bean>

    <bean name="bannerIdStrategy"
        class="egovframework.rte.fdl.idgnr.impl.strategy.EgovIdGnrStrategyImpl">
        <property name="prefix" value="BANNER_" />
        <property name="cipers" value="13" />
        <property name="fillChar" value="0" />
    </bean> 
    <!-- 배너 ID -->

    <!--  로그인화면이미지 ID -->
    <bean name="egovLoginScrinImageIdGnrService"
        class="egovframework.rte.fdl.idgnr.impl.EgovTableIdGnrService"
        destroy-method="destroy">
        <property name="dataSource" ref="egov.dataSource" />
        <property name="strategy"   ref="loginScrinImageIdStrategy" />
        <property name="blockSize"  value="1"/>
        <property name="table"      value="TE_COPSEQ"/>
        <property name="tableName"  value="LSI_ID"/>
    </bean>

    <bean name="loginScrinImageIdStrategy"
        class="egovframework.rte.fdl.idgnr.impl.strategy.EgovIdGnrStrategyImpl">
        <property name="prefix" value="LSI_" />
        <property name="cipers" value="16" />
        <property name="fillChar" value="0" />
    </bean> 
    <!-- 로그인화면이미지 ID -->

    <!-- 메인화면이미지 ID -->
    <bean name="egovMainImageIdGnrService"
        class="egovframework.rte.fdl.idgnr.impl.EgovTableIdGnrService"
        destroy-method="destroy">
        <property name="dataSource" ref="egov.dataSource" />
        <property name="strategy"   ref="mainImageIdStrategy" />
        <property name="blockSize"  value="1"/>
        <property name="table"      value="TE_COPSEQ"/>
        <property name="tableName"  value="MSI_ID"/>
    </bean>

    <bean name="mainImageIdStrategy"
        class="egovframework.rte.fdl.idgnr.impl.strategy.EgovIdGnrStrategyImpl">
        <property name="prefix" value="MSI_" />
        <property name="cipers" value="16" />
        <property name="fillChar" value="0" />
    </bean> 
    <!-- 메인화면이미지 ID -->

    <!-- 인터넷서비스안내 ID -->
    <bean name="egovIntnetSvcGuidanceIdGnrService"
        class="egovframework.rte.fdl.idgnr.impl.EgovTableIdGnrService"
        destroy-method="destroy">
        <property name="dataSource" ref="egov.dataSource" />
        <property name="strategy"   ref="mainImageIdStrategy" />
        <property name="blockSize"  value="1"/>
        <property name="table"      value="TE_COPSEQ"/>
        <property name="tableName"  value="ISG_ID"/>
    </bean>

    <bean name="intnetSvcGuidanceIdStrategy"
        class="egovframework.rte.fdl.idgnr.impl.strategy.EgovIdGnrStrategyImpl">
        <property name="prefix" value="ISG_" />
        <property name="cipers" value="16" />
        <property name="fillChar" value="0" />
    </bean> 
    <!-- 인터넷서비스안내 ID -->  
    
    <!--  마이페이지 컨텐츠 ID -->
    <bean name="egovIndvdlPgeIdGnrService"
        class="egovframework.rte.fdl.idgnr.impl.EgovTableIdGnrService"
        destroy-method="destroy">
        <property name="dataSource" ref="egov.dataSource" />
        <property name="strategy"   ref="cntntsIdStrategy" />
        <property name="blockSize"  value="1"/>
        <property name="table"      value="TE_COPSEQ"/>
        <property name="tableName"  value="CNTNTS_ID"/>
    </bean>
    <bean name="cntntsIdStrategy"
        class="egovframework.rte.fdl.idgnr.impl.strategy.EgovIdGnrStrategyImpl">
        <property name="prefix" value="C" />
        <property name="cipers" value="19" />
        <property name="fillChar" value="0" />
    </bean> 
    <!-- 마이페이지 컨텐츠 ID -->		

    <!-- 보고서통계 ID -->
    <bean name="egovReprtStatsIdGnrService"
        class="egovframework.rte.fdl.idgnr.impl.EgovTableIdGnrService"
        destroy-method="destroy">
        <property name="dataSource" ref="egov.dataSource" />
        <property name="strategy"   ref="reprtStatsIdStrategy" />
        <property name="blockSize"  value="1"/>
        <property name="table"      value="TE_COPSEQ"/>
        <property name="tableName"  value="RS_ID"/>
    </bean>

    <bean name="reprtStatsIdStrategy"
        class="egovframework.rte.fdl.idgnr.impl.strategy.EgovIdGnrStrategyImpl">
        <property name="prefix" value="RS_" />
        <property name="cipers" value="3" />
        <property name="fillChar" value="0" />
    </bean> 
    <!-- 보고서통계 ID -->        
    
    <!-- 자료이용현황통계 ID -->
    <bean name="egovDtaUseStatsIdGnrService"
        class="egovframework.rte.fdl.idgnr.impl.EgovTableIdGnrService"
        destroy-method="destroy">
        <property name="dataSource" ref="egov.dataSource" />
        <property name="strategy"   ref="dtaUseStatsIdStrategy" />
        <property name="blockSize"  value="1"/>
        <property name="table"      value="TE_COPSEQ"/>
        <property name="tableName"  value="DUS_ID"/>
    </bean>

    <bean name="dtaUseStatsIdStrategy"
        class="egovframework.rte.fdl.idgnr.impl.strategy.EgovIdGnrStrategyImpl">
        <property name="prefix" value="DUS_" />
        <property name="cipers" value="16" />
        <property name="fillChar" value="0" />
    </bean> 
    <!-- 자료이용현황통계 ID -->    
    
		
	
	<bean name="egovScrapIdGnrService"
		class="egovframework.rte.fdl.idgnr.impl.EgovTableIdGnrService"
		destroy-method="destroy">
		<property name="dataSource" ref="egov.dataSource" />
		<property name="strategy" ref="scrapStrategy" />
		<property name="blockSize" 	value="10"/>
		<property name="table"	   	value="TE_COPSEQ"/>
		<property name="tableName"	value="SCRAP_ID"/>
	</bean>
	<bean name="scrapStrategy"
		class="egovframework.rte.fdl.idgnr.impl.strategy.EgovIdGnrStrategyImpl">
		<property name="prefix" value="SCRIP_" />
		<property name="cipers" value="14" />
		<property name="fillChar" value="0" />
	</bean>	               	
	
    <!--  부서 ID -->
    <bean name="egovDeptManageIdGnrService"
        class="egovframework.rte.fdl.idgnr.impl.EgovTableIdGnrService"
        destroy-method="destroy">
        <property name="dataSource" ref="egov.dataSource" />
        <property name="strategy"   ref="orgnztIdStrategy" />
        <property name="blockSize"  value="1"/>
        <property name="table"      value="TE_COPSEQ"/>
        <property name="tableName"  value="ORGNZT_ID"/>
    </bean>

    <bean name="orgnztIdStrategy"
        class="egovframework.rte.fdl.idgnr.impl.strategy.EgovIdGnrStrategyImpl">
        <property name="prefix" value="ORGNZT_" />
        <property name="cipers" value="13" />
        <property name="fillChar" value="0" />
    </bean> 
    <!-- 부서 ID -->	
    
    <!--  네트워크 ID -->
    <bean name="egovNtwrkIdGnrService"
        class="egovframework.rte.fdl.idgnr.impl.EgovTableIdGnrService"
        destroy-method="destroy">
        <property name="dataSource" ref="egov.dataSource" />
        <property name="strategy"   ref="ntwrkIdStrategy" />
        <property name="blockSize"  value="1"/>
        <property name="table"      value="TE_COPSEQ"/>
        <property name="tableName"  value="NTWRK_ID"/>
    </bean>

    <bean name="ntwrkIdStrategy"
        class="egovframework.rte.fdl.idgnr.impl.strategy.EgovIdGnrStrategyImpl">
        <property name="prefix" value="NID_" />
        <property name="cipers" value="16" />
        <property name="fillChar" value="0" />
    </bean> 
    <!-- 네트워크 ID -->     
    
    <!-- 서버장비 ID -->
    <bean name="egovServerEqpmnIdGnrService"
        class="egovframework.rte.fdl.idgnr.impl.EgovTableIdGnrService"
        destroy-method="destroy">
        <property name="dataSource" ref="egov.dataSource" />
        <property name="strategy"   ref="ServerEqpmnIdStrategy" />
        <property name="blockSize"  value="1"/>
        <property name="table"      value="TE_COPSEQ"/>
        <property name="tableName"  value="SEVEQ_ID"/>
    </bean>

    <bean name="ServerEqpmnIdStrategy"
        class="egovframework.rte.fdl.idgnr.impl.strategy.EgovIdGnrStrategyImpl">
        <property name="prefix" value="SVE_" />
        <property name="cipers" value="16" />
        <property name="fillChar" value="0" />
    </bean> 
    <!-- 서버장비 ID -->
    
    <!-- 서버 ID -->
    <bean name="egovServerIdGnrService"
        class="egovframework.rte.fdl.idgnr.impl.EgovTableIdGnrService"
        destroy-method="destroy">
        <property name="dataSource" ref="egov.dataSource" />
        <property name="strategy"   ref="ServerIdStrategy" />
        <property name="blockSize"  value="1"/>
        <property name="table"      value="TE_COPSEQ"/>
        <property name="tableName"  value="SERVER_ID"/>
    </bean>

    <bean name="ServerIdStrategy"
        class="egovframework.rte.fdl.idgnr.impl.strategy.EgovIdGnrStrategyImpl">
        <property name="prefix" value="SRV_" />
        <property name="cipers" value="16" />
        <property name="fillChar" value="0" />
    </bean> 
    <!-- 서버 ID -->
    
    <!-- 장애 ID -->
    <bean name="egovTroblIdGnrService"
        class="egovframework.rte.fdl.idgnr.impl.EgovTableIdGnrService"
        destroy-method="destroy">
        <property name="dataSource" ref="egov.dataSource" />
        <property name="strategy"   ref="TroblIdStrategy" />
        <property name="blockSize"  value="1"/>
        <property name="table"      value="TE_COPSEQ"/>
        <property name="tableName"  value="TROBL_ID"/>
    </bean>

    <bean name="TroblIdStrategy"
        class="egovframework.rte.fdl.idgnr.impl.strategy.EgovIdGnrStrategyImpl">
        <property name="prefix" value="TBM_" />
        <property name="cipers" value="16" />
        <property name="fillChar" value="0" />
    </bean> 
    <!-- 장애 ID --> 


    <!--  동기화대상 서버 ID -->
    <bean name="egovSynchrnServerIdGnrService"
        class="egovframework.rte.fdl.idgnr.impl.EgovTableIdGnrService"
        destroy-method="destroy">
        <property name="dataSource" ref="egov.dataSource" />
        <property name="strategy"   ref="SynchrnServerIdStrategy" />
        <property name="blockSize"  value="1"/>
        <property name="table"      value="TE_COPSEQ"/>
        <property name="tableName"  value="SYNCHRNSERVER_ID"/>
    </bean>

    <bean name="SynchrnServerIdStrategy"
        class="egovframework.rte.fdl.idgnr.impl.strategy.EgovIdGnrStrategyImpl">
        <property name="prefix" value="SSY_" />
        <property name="cipers" value="16" />
        <property name="fillChar" value="0" />
    </bean> 
    <!--  동기화대상 서버 ID -->


    <!--  회의실관리 ID -->
    <bean name="egovMtgPlaceManageIdGnrService"
        class="egovframework.rte.fdl.idgnr.impl.EgovTableIdGnrService"
        destroy-method="destroy">
        <property name="dataSource" ref="egov.dataSource" />
        <property name="strategy"   ref="mtgPlaceManageIdStrategy" />
        <property name="blockSize"  value="1"/>
        <property name="table"      value="TE_COPSEQ"/>
        <property name="tableName"  value="MTG_PLACE_ID"/>
    </bean>

    <bean name="mtgPlaceManageIdStrategy"
        class="egovframework.rte.fdl.idgnr.impl.strategy.EgovIdGnrStrategyImpl">
        <property name="prefix" value="MTGP_" />
        <property name="cipers" value="15" />
        <property name="fillChar" value="0" />
    </bean> 
    <!-- 회의실관리 ID -->	
  
    <!--  회의실예약 ID -->
    <bean name="egovMtgPlaceResveIdGnrService"
        class="egovframework.rte.fdl.idgnr.impl.EgovTableIdGnrService"
        destroy-method="destroy">
        <property name="dataSource" ref="egov.dataSource" />
        <property name="strategy"   ref="mtgPlaceResveIdStrategy" />
        <property name="blockSize"  value="1"/>
        <property name="table"      value="TE_COPSEQ"/>
        <property name="tableName"  value="RESVE_ID"/>
    </bean>

    <bean name="mtgPlaceResveIdStrategy"
        class="egovframework.rte.fdl.idgnr.impl.strategy.EgovIdGnrStrategyImpl">
        <property name="prefix" value="RESVE_" />
        <property name="cipers" value="14" />
        <property name="fillChar" value="0" />
    </bean> 
    <!-- 회의실예약 ID -->

    <!--  행사 ID -->
    <bean name="egovEventManageIdGnrService"
        class="egovframework.rte.fdl.idgnr.impl.EgovTableIdGnrService"
        destroy-method="destroy">
        <property name="dataSource" ref="egov.dataSource" />
        <property name="strategy"   ref="eventManageEventIdStrategy" />
        <property name="blockSize"  value="1"/>
        <property name="table"      value="TE_COPSEQ"/>
        <property name="tableName"  value="EVENT_ID"/>
    </bean>

    <bean name="eventManageEventIdStrategy"
        class="egovframework.rte.fdl.idgnr.impl.strategy.EgovIdGnrStrategyImpl">
        <property name="prefix" value="EVENT_" />
        <property name="cipers" value="14" />
        <property name="fillChar" value="0" />
    </bean> 
    <!-- 행사 ID -->

    <!--  행사접수 ID -->
    <bean name="egovEventAtdrnIdGnrService"
        class="egovframework.rte.fdl.idgnr.impl.EgovTableIdGnrService"
        destroy-method="destroy">
        <property name="dataSource" ref="egov.dataSource" />
        <property name="strategy"   ref="eventAtdrnApplcntIdStrategy" />
        <property name="blockSize"  value="1"/>
        <property name="table"      value="TE_COPSEQ"/>
        <property name="tableName"  value="APPLCNT_ID"/>
    </bean>

    <bean name="eventAtdrnApplcntIdStrategy"
        class="egovframework.rte.fdl.idgnr.impl.strategy.EgovIdGnrStrategyImpl">
        <property name="prefix" value="APPLCNT_" />
        <property name="cipers" value="12" />
        <property name="fillChar" value="0" />
    </bean> 
    <!-- 행사접수 ID -->

    <!--  포상 ID -->
    <bean name="egovRwardManageIdGnrService"
        class="egovframework.rte.fdl.idgnr.impl.EgovTableIdGnrService"
        destroy-method="destroy">
        <property name="dataSource" ref="egov.dataSource" />
        <property name="strategy"   ref="rwardManageIdStrategy" />
        <property name="blockSize"  value="1"/>
        <property name="table"      value="TE_COPSEQ"/>
        <property name="tableName"  value="RWARD_ID"/>
    </bean>

    <bean name="rwardManageIdStrategy"
        class="egovframework.rte.fdl.idgnr.impl.strategy.EgovIdGnrStrategyImpl">
        <property name="prefix" value="RWARD_" />
        <property name="cipers" value="14" />
        <property name="fillChar" value="0" />
    </bean> 
    <!-- 포상 ID -->

    <!--  경조사 ID -->
    <bean name="egovCtsnnManageIdGnrService"
        class="egovframework.rte.fdl.idgnr.impl.EgovTableIdGnrService"
        destroy-method="destroy">
        <property name="dataSource" ref="egov.dataSource" />
        <property name="strategy"   ref="ctsnnManageIdStrategy" />
        <property name="blockSize"  value="1"/>
        <property name="table"      value="TE_COPSEQ"/>
        <property name="tableName"  value="CTSNN_ID"/>
    </bean>

    <bean name="ctsnnManageIdStrategy"
        class="egovframework.rte.fdl.idgnr.impl.strategy.EgovIdGnrStrategyImpl">
        <property name="prefix" value="CTSNN_" />
        <property name="cipers" value="14" />
        <property name="fillChar" value="0" />
    </bean> 
    <!-- 경조사 ID -->

    <!--  기념일 ID -->
    <bean name="egovAnnvrsryManageIdGnrService"
        class="egovframework.rte.fdl.idgnr.impl.EgovTableIdGnrService"
        destroy-method="destroy">
        <property name="dataSource" ref="egov.dataSource" />
        <property name="strategy"   ref="annvrsryManageIdStrategy" />
        <property name="blockSize"  value="1"/>
        <property name="table"      value="TE_COPSEQ"/>
        <property name="tableName"  value="ANN_ID"/>
    </bean>

    <bean name="annvrsryManageIdStrategy"
        class="egovframework.rte.fdl.idgnr.impl.strategy.EgovIdGnrStrategyImpl">
        <property name="prefix" value="ANN_" />
        <property name="cipers" value="16" />
        <property name="fillChar" value="0" />
    </bean> 
    <!-- 기념일 ID -->


	<!-- 간부일정 -->
    <bean name="egovLeaderSchdulIdGnrService"
		class="egovframework.rte.fdl.idgnr.impl.EgovTableIdGnrService"
		destroy-method="destroy">
		<property name="dataSource" ref="egov.dataSource" />
		<property name="strategy" ref="LeaderSchdulStrategy" />
		<property name="blockSize" 	value="1"/>
		<property name="table"	   	value="TE_COPSEQ"/>
		<property name="tableName"	value="LEADER_SCHDUL_ID"/>
	</bean>
	<bean name="LeaderSchdulStrategy"
		class="egovframework.rte.fdl.idgnr.impl.strategy.EgovIdGnrStrategyImpl">
		<property name="prefix" value="LDSCHDUL_" />
		<property name="cipers" value="11" />
		<property name="fillChar" value="0" />
	</bean>
	<!-- 간부일정 -->
	
	<!-- 부서업무함 -->
    <bean name="egovDeptJobBxIdGnrService"
		class="egovframework.rte.fdl.idgnr.impl.EgovTableIdGnrService"
		destroy-method="destroy">
		<property name="dataSource" ref="egov.dataSource" />
		<property name="strategy" ref="DeptJobBxStrategy" />
		<property name="blockSize" 	value="1"/>
		<property name="table"	   	value="TE_COPSEQ"/>
		<property name="tableName"	value="DEPT_JOB_BX_ID"/>
	</bean>
	<bean name="DeptJobBxStrategy"
		class="egovframework.rte.fdl.idgnr.impl.strategy.EgovIdGnrStrategyImpl">
		<property name="prefix" value="DX_" />
		<property name="cipers" value="3" />
		<property name="fillChar" value="0" />
	</bean>
	<!-- 부서업무함 -->
	
	<!-- 부서업무 -->
    <bean name="egovDeptJobIdGnrService"
		class="egovframework.rte.fdl.idgnr.impl.EgovTableIdGnrService"
		destroy-method="destroy">
		<property name="dataSource" ref="egov.dataSource" />
		<property name="strategy" ref="DeptJobStrategy" />
		<property name="blockSize" 	value="1"/>
		<property name="table"	   	value="TE_COPSEQ"/>
		<property name="tableName"	value="DEPT_JOB_ID"/>
	</bean>
	<bean name="DeptJobStrategy"
		class="egovframework.rte.fdl.idgnr.impl.strategy.EgovIdGnrStrategyImpl">
		<property name="prefix" value="DEPTJOB_" />
		<property name="cipers" value="12" />
		<property name="fillChar" value="0" />
	</bean>
	<!-- 부서업무 -->
	
	<!-- 주간/월간 보고 -->
    <bean name="egovWikMnthngReprtIdGnrService"
		class="egovframework.rte.fdl.idgnr.impl.EgovTableIdGnrService"
		destroy-method="destroy">
		<property name="dataSource" ref="egov.dataSource" />
		<property name="strategy" ref="WikMnthngReprtStrategy" />
		<property name="blockSize" 	value="1"/>
		<property name="table"	   	value="TE_COPSEQ"/>
		<property name="tableName"	value="WIKMNTHNG_REPRT"/>
	</bean>
	<bean name="WikMnthngReprtStrategy"
		class="egovframework.rte.fdl.idgnr.impl.strategy.EgovIdGnrStrategyImpl">
		<property name="prefix" value="WR" />
		<property name="cipers" value="4" />
		<property name="fillChar" value="0" />
	</bean>
	<!-- 주간/월간 보고 -->
	
	<!-- 메모 할일 -->
    <bean name="egovMemoTodoIdGnrService"
		class="egovframework.rte.fdl.idgnr.impl.EgovTableIdGnrService"
		destroy-method="destroy">
		<property name="dataSource" ref="egov.dataSource" />
		<property name="strategy" ref="MemoTodoStrategy" />
		<property name="blockSize" 	value="1"/>
		<property name="table"	   	value="TE_COPSEQ"/>
		<property name="tableName"	value="MEMO_TODO_ID"/>
	</bean>
	<bean name="MemoTodoStrategy"
		class="egovframework.rte.fdl.idgnr.impl.strategy.EgovIdGnrStrategyImpl">
		<property name="prefix" value="MEMOTODO_" />
		<property name="cipers" value="11" />
		<property name="fillChar" value="0" />
	</bean>
	<!-- 메모 할일 -->
	
	<!-- 메모 보고 -->
    <bean name="egovMemoReprtIdGnrService"
		class="egovframework.rte.fdl.idgnr.impl.EgovTableIdGnrService"
		destroy-method="destroy">
		<property name="dataSource" ref="egov.dataSource" />
		<property name="strategy" ref="MemoReprtStrategy" />
		<property name="blockSize" 	value="1"/>
		<property name="table"	   	value="TE_COPSEQ"/>
		<property name="tableName"	value="MEMO_REPRT"/>
	</bean>
	<bean name="MemoReprtStrategy"
		class="egovframework.rte.fdl.idgnr.impl.strategy.EgovIdGnrStrategyImpl">
		<property name="prefix" value="MR" />
		<property name="cipers" value="4" />
		<property name="fillChar" value="0" />
	</bean>
	<!-- 메모 보고 -->
	
	<!-- 약식 결재 -->
    <bean name="egovInfrmlSanctnIdGnrService"
		class="egovframework.rte.fdl.idgnr.impl.EgovTableIdGnrService"
		destroy-method="destroy">
		<property name="dataSource" ref="egov.dataSource" />
		<property name="strategy" ref="InfrmlSanctnStrategy" />
		<property name="blockSize" 	value="1"/>
		<property name="table"	   	value="TE_COPSEQ"/>
		<property name="tableName"	value="INFRML_SANCTN"/>
	</bean>
	<bean name="InfrmlSanctnStrategy"
		class="egovframework.rte.fdl.idgnr.impl.strategy.EgovIdGnrStrategyImpl">
		<property name="prefix" value="SANCTN_" />
		<property name="cipers" value="13" />
		<property name="fillChar" value="0" />
	</bean>
	<!-- 약식 결재 -->

    <!--  DB서비스모니터링 ID -->
    <bean name="egovDbMntrngLogIdGnrService"
        class="egovframework.rte.fdl.idgnr.impl.EgovTableIdGnrService"
        destroy-method="destroy">
        <property name="dataSource" ref="egov.dataSource" />
        <property name="strategy"   ref="dbMntrngLogIdStrategy" />
        <property name="blockSize"  value="1"/>
        <property name="table"      value="TE_COPSEQ"/>
        <property name="tableName"  value="DB_MNTRNG_LOG_ID"/>
    </bean>

    <bean name="dbMntrngLogIdStrategy"
        class="egovframework.rte.fdl.idgnr.impl.strategy.EgovIdGnrStrategyImpl">
        <property name="prefix" value="" />
        <property name="cipers" value="20" />
        <property name="fillChar" value="0" />
    </bean> 
    <!-- DB서비스모니터링 ID -->   

    <!--  송수신모니터링 ID -->
    <bean name="egovTrsmrcvMntrngLogIdGnrService"
        class="egovframework.rte.fdl.idgnr.impl.EgovTableIdGnrService"
        destroy-method="destroy">
        <property name="dataSource" ref="egov.dataSource" />
        <property name="strategy"   ref="trsmrcvMntrngLogIdStrategy" />
        <property name="blockSize"  value="1"/>
        <property name="table"      value="TE_COPSEQ"/>
        <property name="tableName"  value="TR_MNTRNG_LOG_ID"/>
    </bean>

    <bean name="trsmrcvMntrngLogIdStrategy"
        class="egovframework.rte.fdl.idgnr.impl.strategy.EgovIdGnrStrategyImpl">
        <property name="prefix" value="" />
        <property name="cipers" value="20" />
        <property name="fillChar" value="0" />
    </bean> 
    <!-- 송수신모니터링 ID -->   	

    <!--  배치작업 ID -->
    <bean name="egovBatchOpertIdGnrService"
        class="egovframework.rte.fdl.idgnr.impl.EgovTableIdGnrService"
        destroy-method="destroy">
        <property name="dataSource" ref="egov.dataSource" />
        <property name="strategy"   ref="batchOpertIdStrategy" />
        <property name="blockSize"  value="1"/>
        <property name="table"      value="TE_COPSEQ"/>
        <property name="tableName"  value="BATCH_OPERT_ID"/>
    </bean>
    <bean name="batchOpertIdStrategy"
        class="egovframework.rte.fdl.idgnr.impl.strategy.EgovIdGnrStrategyImpl">
        <property name="prefix" value="BAT" />
        <property name="cipers" value="17" />
        <property name="fillChar" value="0" />
    </bean> 
    <!-- 배치작업 ID -->
    
    <!-- 배치스케줄 ID -->
    <bean name="egovBatchSchdulIdGnrService"
        class="egovframework.rte.fdl.idgnr.impl.EgovTableIdGnrService"
        destroy-method="destroy">
        <property name="dataSource" ref="egov.dataSource" />
        <property name="strategy"   ref="batchSchdulIdStrategy" />
        <property name="blockSize"  value="1"/>
        <property name="table"      value="TE_COPSEQ"/>
        <property name="tableName"  value="BATCH_SCHDUL_ID"/>
    </bean>
    <bean name="batchSchdulIdStrategy"
        class="egovframework.rte.fdl.idgnr.impl.strategy.EgovIdGnrStrategyImpl">
        <property name="prefix" value="BSC" />
        <property name="cipers" value="17" />
        <property name="fillChar" value="0" />
    </bean> 
    <!-- 배치스케줄 ID -->     

    <!-- 배치결과 ID -->
    <bean name="egovBatchResultIdGnrService"
        class="egovframework.rte.fdl.idgnr.impl.EgovTableIdGnrService"
        destroy-method="destroy">
        <property name="dataSource" ref="egov.dataSource" />
        <property name="strategy"   ref="batchResultIdStrategy" />
        <property name="blockSize"  value="1"/>
        <property name="table"      value="TE_COPSEQ"/>
        <property name="tableName"  value="BATCH_RESULT_ID"/>
    </bean>
    <bean name="batchResultIdStrategy"
        class="egovframework.rte.fdl.idgnr.impl.strategy.EgovIdGnrStrategyImpl">
        <property name="prefix" value="BRT" />
        <property name="cipers" value="17" />
        <property name="fillChar" value="0" />
    </bean> 
    <!-- 배치결과 ID -->   
      
    <!--  파일시스템모니터링 ID -->
    <bean name="egovFileSysMntrngIdGnrService"
        class="egovframework.rte.fdl.idgnr.impl.EgovTableIdGnrService"
        destroy-method="destroy">
        <property name="dataSource" ref="egov.dataSource" />
        <property name="strategy"   ref="fileSysMntrngIdStrategy" />
        <property name="blockSize"  value="1"/>
        <property name="table"      value="TE_COPSEQ"/>
        <property name="tableName"  value="FILESYS_MNTRNG"/>
    </bean>

    <bean name="fileSysMntrngIdStrategy"
        class="egovframework.rte.fdl.idgnr.impl.strategy.EgovIdGnrStrategyImpl">
        <property name="prefix" value="FILESYS_" />
        <property name="cipers" value="12" />
        <property name="fillChar" value="0" />
    </bean> 
    <!-- 파일시스템모니터링 ID --> 
    
    <!--  네트워크서비스모니터링 로그 ID -->
    <bean name="egovNtwrkSvcMntrngLogIdGnrService"
        class="egovframework.rte.fdl.idgnr.impl.EgovTableIdGnrService"
        destroy-method="destroy">
        <property name="dataSource" ref="egov.dataSource" />
        <property name="strategy"   ref="ntwrkSvcMntrngLogIdStrategy" />
        <property name="blockSize"  value="1"/>
        <property name="table"      value="TE_COPSEQ"/>
        <property name="tableName"  value="NTWRKSVC_LOGID"/>
    </bean>

    <bean name="ntwrkSvcMntrngLogIdStrategy"
        class="egovframework.rte.fdl.idgnr.impl.strategy.EgovIdGnrStrategyImpl">
        <property name="prefix" value="" />
        <property name="cipers" value="20" />
        <property name="fillChar" value="0" />
    </bean> 
    <!-- 네트워크서비스모니터링 로그 ID -->    
    
    <!--  파일시스템모니터링 로그 ID -->
    <bean name="egovFileSysMntrngLogIdGnrService"
        class="egovframework.rte.fdl.idgnr.impl.EgovTableIdGnrService"
        destroy-method="destroy">
        <property name="dataSource" ref="egov.dataSource" />
        <property name="strategy"   ref="fileSysMntrngLogIdStrategy" />
        <property name="blockSize"  value="1"/>
        <property name="table"      value="TE_COPSEQ"/>
        <property name="tableName"  value="FILESYS_LOGID"/>
    </bean>

    <bean name="fileSysMntrngLogIdStrategy"
        class="egovframework.rte.fdl.idgnr.impl.strategy.EgovIdGnrStrategyImpl">
        <property name="prefix" value="" />
        <property name="cipers" value="20" />
        <property name="fillChar" value="0" />
    </bean> 
    <!-- 파일시스템모니터링 로그 ID --> 
    
    <!--  프록시서비스 ID -->
    <bean name="egovProxySvcIdGnrService"
        class="egovframework.rte.fdl.idgnr.impl.EgovTableIdGnrService"
        destroy-method="destroy">
        <property name="dataSource" ref="egov.dataSource" />
        <property name="strategy"   ref="ProxySvcIdStrategy" />
        <property name="blockSize"  value="1"/>
        <property name="table"      value="TE_COPSEQ"/>
        <property name="tableName"  value="PROXYSVC_ID"/>
    </bean>

    <bean name="ProxySvcIdStrategy"
        class="egovframework.rte.fdl.idgnr.impl.strategy.EgovIdGnrStrategyImpl">
        <property name="prefix" value="PXY_" />
        <property name="cipers" value="16" />
        <property name="fillChar" value="0" />
    </bean> 
    <!--  프록시서비스 ID -->
        
    <!--  프록시Log ID -->
    <bean name="egovProxyLogIdGnrService"
        class="egovframework.rte.fdl.idgnr.impl.EgovTableIdGnrService"
        destroy-method="destroy">
        <property name="dataSource" ref="egov.dataSource" />
        <property name="strategy"   ref="ProxyLogIdStrategy" />
        <property name="blockSize"  value="1"/>
        <property name="table"      value="TE_COPSEQ"/>
        <property name="tableName"  value="PROXYLOG_ID"/>
    </bean>

    <bean name="ProxyLogIdStrategy"
        class="egovframework.rte.fdl.idgnr.impl.strategy.EgovIdGnrStrategyImpl">
        <property name="prefix" value="PLG_" />
        <property name="cipers" value="16" />
        <property name="fillChar" value="0" />
    </bean> 
    <!--  프록시Log ID -->

	<!-- knoManage... START-->			
	<bean name="egovDamManageIdGnrService"
		class="egovframework.rte.fdl.idgnr.impl.EgovTableIdGnrService"
		destroy-method="destroy">
		<property name="dataSource" ref="egov.dataSource" />
		<property name="strategy"   ref="damManageStrategy" />
		<property name="blockSize" 	value="1"/>
		<property name="table"	   	value="TE_COPSEQ"/>
		<property name="tableName"	value="DAM_ID"/>
	</bean>

	<bean name="damManageStrategy"
		class="egovframework.rte.fdl.idgnr.impl.strategy.EgovIdGnrStrategyImpl">
		<property name="prefix" value="DMID_" />
		<property name="cipers" value="15" />
		<property name="fillChar" value="0" />
	</bean>		
	<!-- NewsManage... END-->	
		            
    <!--  백업작업 ID -->
    <bean name="egovBackupOpertIdGnrService"
        class="egovframework.rte.fdl.idgnr.impl.EgovTableIdGnrService"
        destroy-method="destroy">
        <property name="dataSource" ref="egov.dataSource" />
        <property name="strategy"   ref="backupOpertIdStrategy" />
        <property name="blockSize"  value="1"/>
        <property name="table"      value="TE_COPSEQ"/>
        <property name="tableName"  value="BACKUP_OPERT_ID"/>
    </bean>
    <bean name="backupOpertIdStrategy"
        class="egovframework.rte.fdl.idgnr.impl.strategy.EgovIdGnrStrategyImpl">
        <property name="prefix" value="BAK" />
        <property name="cipers" value="17" />
        <property name="fillChar" value="0" />
    </bean> 
    <!-- 백업작업 ID -->

    <!--  백업결과 ID -->
    <bean name="egovBackupResultIdGnrService"
        class="egovframework.rte.fdl.idgnr.impl.EgovTableIdGnrService"
        destroy-method="destroy">
        <property name="dataSource" ref="egov.dataSource" />
        <property name="strategy"   ref="backupResultIdStrategy" />
        <property name="blockSize"  value="1"/>
        <property name="table"      value="TE_COPSEQ"/>
        <property name="tableName"  value="BACKUP_RESULT_ID"/>
    </bean>
    <bean name="backupResultIdStrategy"
        class="egovframework.rte.fdl.idgnr.impl.strategy.EgovIdGnrStrategyImpl">
        <property name="prefix" value="BRT" />
        <property name="cipers" value="17" />
        <property name="fillChar" value="0" />
    </bean> 
    <!-- 백업결과 ID -->

    <!--  서버자원 모니터링 Log ID -->
    <bean name="egovServerResrceMntrngLogIdGnrService"
        class="egovframework.rte.fdl.idgnr.impl.EgovTableIdGnrService"
        destroy-method="destroy">
        <property name="dataSource" ref="egov.dataSource" />
        <property name="strategy"   ref="ServerResrceMntrngLogIdStrategy" />
        <property name="blockSize"  value="1"/>
        <property name="table"      value="TE_COPSEQ"/>
        <property name="tableName"  value="SVCRESMONTLOG_ID"/>
    </bean>

    <bean name="ServerResrceMntrngLogIdStrategy"
        class="egovframework.rte.fdl.idgnr.impl.strategy.EgovIdGnrStrategyImpl">
        <property name="prefix" value="LOG_" />
        <property name="cipers" value="16" />
        <property name="fillChar" value="0" />
    </bean> 
    <!--  서버자원 모니터링 ID -->
    
	<!-- HttpMon... START-->			
	<bean name="egovHttpManageIdGnrService"
		class="egovframework.rte.fdl.idgnr.impl.EgovTableIdGnrService"
		destroy-method="destroy">
		<property name="dataSource" ref="egov.dataSource" />
		<property name="strategy"   ref="httpManageStrategy" />
		<property name="blockSize" 	value="1"/>
		<property name="table"	   	value="TE_COPSEQ"/>
		<property name="tableName"	value="HTTP_ID"/>
	</bean>

	<bean name="httpManageStrategy"
		class="egovframework.rte.fdl.idgnr.impl.strategy.EgovIdGnrStrategyImpl">
		<property name="prefix" value="HTTP_" />
		<property name="cipers" value="15" />
		<property name="fillChar" value="0" />
	</bean>		
	<!-- HttpMon... END-->
	
	<!-- HttpMonLog... START-->			
	<bean name="egovHttpLogManageIdGnrService"
		class="egovframework.rte.fdl.idgnr.impl.EgovTableIdGnrService"
		destroy-method="destroy">
		<property name="dataSource" ref="egov.dataSource" />
		<property name="strategy"   ref="httLManageStrategy" />
		<property name="blockSize" 	value="1"/>
		<property name="table"	   	value="TE_COPSEQ"/>
		<property name="tableName"	value="HTTL_ID"/>
	</bean>

	<bean name="httLManageStrategy"
		class="egovframework.rte.fdl.idgnr.impl.strategy.EgovIdGnrStrategyImpl">
		<property name="prefix" value="HTTL_" />
		<property name="cipers" value="15" />
		<property name="fillChar" value="0" />
	</bean>		
	<!-- HttpMonLog... END-->	
	
	<!-- ProcessMon... START-->			
	<bean name="egovProcessMonIdGnrService"
		class="egovframework.rte.fdl.idgnr.impl.EgovTableIdGnrService"
		destroy-method="destroy">
		<property name="dataSource" ref="egov.dataSource" />
		<property name="strategy"   ref="procManageStrategy" />
		<property name="blockSize" 	value="1"/>
		<property name="table"	   	value="TE_COPSEQ"/>
		<property name="tableName"	value="PROC_ID"/>
	</bean>

	<bean name="procManageStrategy"
		class="egovframework.rte.fdl.idgnr.impl.strategy.EgovIdGnrStrategyImpl">
		<property name="prefix" value="PROC_" />
		<property name="cipers" value="15" />
		<property name="fillChar" value="0" />
	</bean>		
	<!-- ProcessMon... END-->
	
	<!-- ProcessMonLog... START-->			
	<bean name="egovProcessMonLogIdGnrService"
		class="egovframework.rte.fdl.idgnr.impl.EgovTableIdGnrService"
		destroy-method="destroy">
		<property name="dataSource" ref="egov.dataSource" />
		<property name="strategy"   ref="prolManageStrategy" />
		<property name="blockSize" 	value="1"/>
		<property name="table"	   	value="TE_COPSEQ"/>
		<property name="tableName"	value="PROL_ID"/>
	</bean>

	<bean name="prolManageStrategy"
		class="egovframework.rte.fdl.idgnr.impl.strategy.EgovIdGnrStrategyImpl">
		<property name="prefix" value="PROL_" />
		<property name="cipers" value="15" />
		<property name="fillChar" value="0" />
	</bean>		
	<!-- ProcessMonLog... END-->	    
	

	
</beans>
