<?xml version="1.0" encoding="UTF-8"?>
<beans xmlns="http://www.springframework.org/schema/beans"
	xmlns:xsi="http://www.w3.org/2001/XMLSchema-instance"
	xsi:schemaLocation="http://www.springframework.org/schema/beans http://www.springframework.org/schema/beans/spring-beans-3.0.xsd">
	
	  
	<bean name="propertiesService" class="egovframework.rte.fdl.property.impl.EgovPropertyServiceImpl" destroy-method="destroy">
      <property name="properties">
         <map>
            <entry key="pageUnit" value="10"/>
            <entry key="pageSize" value="10"/>
         </map>
      </property>
	</bean>
	
	
	<!-- 
	<bean name="propertiesService" class="egovframework.rte.fdl.property.impl.EgovPropertyServiceImpl" destroy-method="destroy">
      <property name="properties">
         <map>
            <entry key="pageUnit" value="10"/>
            <entry key="pageSize" value="10"/>
            <entry key="Globals.fileStorePath" value="/user/com/egovProps/upload/"/>
         </map>
      </property>
	</bean>
	-->
</beans>	
