<?xml version="1.0" encoding="UTF-8"?>
<beans xmlns="http://www.springframework.org/schema/beans" xmlns:xsi="http://www.w3.org/2001/XMLSchema-instance"
		xmlns:p="http://www.springframework.org/schema/p" xmlns:context="http://www.springframework.org/schema/context"
		xmlns:util="http://www.springframework.org/schema/util"
		xmlns:aop="http://www.springframework.org/schema/aop"
		xmlns:tx="http://www.springframework.org/schema/tx"
		
		xsi:schemaLocation="http://www.springframework.org/schema/aop http://www.springframework.org/schema/aop/spring-aop-3.0.xsd
			http://www.springframework.org/schema/beans http://www.springframework.org/schema/beans/spring-beans-3.0.xsd
			http://www.springframework.org/schema/context http://www.springframework.org/schema/context/spring-context-3.0.xsd
			http://www.springframework.org/schema/jee http://www.springframework.org/schema/jee/spring-jee-3.0.xsd
			http://www.springframework.org/schema/tx http://www.springframework.org/schema/tx/spring-tx-3.0.xsd
			http://www.springframework.org/schema/batch http://www.springframework.org/schema/batch/spring-batch-2.1.xsd
			http://www.springframework.org/schema/util http://www.springframework.org/schema/util/spring-util.xsd">

		<context:annotation-config/>
		<bean id="egovBatchRunner" class="egovframework.brte.core.launch.support.EgovBatchRunner">
			<constructor-arg ref="jobOperator" />
			<constructor-arg ref="jobExplorer" />
			<constructor-arg ref="jobRepository" />
		</bean>	
		<!-- part 3. job launcher -->
		
		<bean id="jobLauncher"
			class="org.springframework.batch.core.launch.support.SimpleJobLauncher">
			<property name="jobRepository" ref="jobRepository" />
			
			
			<!--  // 비동기 처리 (xml에서) -->
			<property name="taskExecutor">
				<bean class="org.springframework.core.task.SimpleAsyncTaskExecutor" />
			</property>
				
		</bean>
	     
		<bean class="org.springframework.batch.core.configuration.support.JobRegistryBeanPostProcessor">
			<property name="jobRegistry" ref="jobRegistry"/>
		</bean>
	
		<!-- altibase, tibero DB 사용할 경우 p:databaseType="oracle" 추가 이외에는 제거하고 사용 -->
		<bean id="jobRepository"
			class="org.springframework.batch.core.repository.support.JobRepositoryFactoryBean"
			p:dataSource-ref="egov.dataSource" p:transactionManager-ref="transactionManager" p:lobHandler-ref="lobHandler"/>

		<bean id="jobOperator"
			class="org.springframework.batch.core.launch.support.SimpleJobOperator"
			p:jobLauncher-ref="jobLauncher" p:jobExplorer-ref="jobExplorer"
			p:jobRepository-ref="jobRepository" p:jobRegistry-ref="jobRegistry" />
	
		<bean id="jobExplorer"
			class="org.springframework.batch.core.explore.support.JobExplorerFactoryBean"
			p:dataSource-ref="egov.dataSource" />
	
		<bean id="jobRegistry"
			class="org.springframework.batch.core.configuration.support.MapJobRegistry" />

</beans>
