<?xml version="1.0" encoding="UTF-8"?>
<!DOCTYPE mapper   PUBLIC "-//mybatis.org//DTD Mapper 3.0//EN" "http://mybatis.org/dtd/mybatis-3-mapper.dtd">

<mapper namespace="EmpMapper">

	<select id="retrieveEmpList" parameterType="empVO" resultType="empVO">
	    <![CDATA[
	        SELECT
	               EMP.EMPNO,
	               EMP.EMPNM,
	               EMP.BIRTHDATE,
	               EMP.TELEPHONE,
	               EMP.ADDRESS
	          FROM EMPLOYEE EMP
	          WHERE 1=1
	    ]]>
		    <if test="searchKeyword != null">
		        <choose>
		            <when test="searchCondition == 1">
		                AND EMP.EMPNO LIKE '%'|| #{searchKeyword} ||'%'
		            </when>
		            <otherwise>
		               AND EMP.EMPNM LIKE '%'|| #{searchKeyword} ||'%'
		            </otherwise>
		        </choose>
			</if>
		<![CDATA[		
			ORDER BY EMP.EMPNO DESC
			LIMIT #{recordCountPerPage} OFFSET #{firstIndex}
		]]>
	</select>

	<select id="retrieveEmp" parameterType="empVO" resultType="empVO">
	    <![CDATA[
	        SELECT
	               EMP.EMPNO,
	               EMP.EMPNM,
	               EMP.BIRTHDATE,
	               EMP.TELEPHONE,
	               EMP.ADDRESS
	         FROM EMPLOYEE EMP
		     WHERE EMP.EMPNO = #{empNo}
		]]>
	</select>
	
	<select id="retrieveEmpListTotCnt" parameterType="searchVO" resultType="int">
	    <![CDATA[
	        SELECT COUNT(*)
	         FROM EMPLOYEE EMP
	         WHERE 1=1
		]]>
		 <if test="searchKeyword != null">
	        <choose>
	            <when test="searchCondition == 1">
	                AND EMP.EMPNO LIKE '%'|| #{searchKeyword} ||'%'
	            </when>
	            <otherwise>
	               AND EMP.EMPNM LIKE '%'|| #{searchKeyword} ||'%'
	            </otherwise>
	        </choose>
		</if>
	</select>

	<update id="updateEmp" parameterType="empVO">
		<![CDATA[
	        UPDATE EMPLOYEE EMP
	        SET EMP.EMPNM = #{empNm},
	              	EMP.BIRTHDATE = #{birthdate},
	               	EMP.TELEPHONE = #{telephone},
	               	EMP.ADDRESS = #{address}
		     WHERE EMP.EMPNO = #{empNo}
		]]>
	</update>

	<insert id="insertEmp" parameterType="empVO">
		<![CDATA[
			INSERT INTO EMPLOYEE (EMPNO, EMPNM, BIRTHDATE, TELEPHONE, ADDRESS)
			VALUES (#{empNo}, #{empNm}, #{birthdate}, #{telephone}, #{address})
		]]>
	</insert>

	<delete id="deleteEmp" parameterType="empVO">
		<![CDATA[
			DELETE FROM EMPLOYEE EMP
			 WHERE EMP.EMPNO = #{empNo}
		]]>
	</delete>

</mapper>
