<?xml version="1.0" encoding="UTF-8"?>
<beans xmlns="http://www.springframework.org/schema/beans" xmlns:xsi="http://www.w3.org/2001/XMLSchema-instance"
		xmlns:p="http://www.springframework.org/schema/p" xmlns:context="http://www.springframework.org/schema/context"
		xmlns:util="http://www.springframework.org/schema/util"
		xmlns:aop="http://www.springframework.org/schema/aop"
		xmlns:tx="http://www.springframework.org/schema/tx"
		
		xsi:schemaLocation="http://www.springframework.org/schema/aop http://www.springframework.org/schema/aop/spring-aop-3.0.xsd
			http://www.springframework.org/schema/beans http://www.springframework.org/schema/beans/spring-beans-3.0.xsd
			http://www.springframework.org/schema/context http://www.springframework.org/schema/context/spring-context-3.0.xsd
			http://www.springframework.org/schema/jee http://www.springframework.org/schema/jee/spring-jee-3.0.xsd
			http://www.springframework.org/schema/tx http://www.springframework.org/schema/tx/spring-tx-3.0.xsd
			http://www.springframework.org/schema/batch http://www.springframework.org/schema/batch/spring-batch-2.1.xsd
			http://www.springframework.org/schema/util http://www.springframework.org/schema/util/spring-util.xsd">


		<context:annotation-config/>
		<bean id="egovBatchRunner" class="egovframework.brte.core.launch.support.EgovBatchRunner">
			<constructor-arg ref="jobOperator" />
			<constructor-arg ref="jobExplorer" />
			<constructor-arg ref="jobRepository" />
		</bean>	
		<!-- part 3. job launcher -->
		
		<bean id="jobLauncher"
			class="org.springframework.batch.core.launch.support.SimpleJobLauncher">
			<property name="jobRepository" ref="jobRepository" />
			
			
			<!--  // 비동기 처리 (xml에서)
			<property name="taskExecutor">
				<bean class="org.springframework.core.task.SimpleAsyncTaskExecutor" />
			</property>
			-->	
		</bean>
	     
		<bean class="org.springframework.batch.core.configuration.support.JobRegistryBeanPostProcessor">
			<property name="jobRegistry" ref="jobRegistry"/>
		</bean>
	
		<bean id="jobRepository"
			class="org.springframework.batch.core.repository.support.JobRepositoryFactoryBean"
			p:dataSource-ref="egov.dataSource" p:transactionManager-ref="transactionManager" p:lobHandler-ref="lobHandler"/>

		<bean id="jobOperator"
			class="org.springframework.batch.core.launch.support.SimpleJobOperator"
			p:jobLauncher-ref="jobLauncher" p:jobExplorer-ref="jobExplorer"
			p:jobRepository-ref="jobRepository" p:jobRegistry-ref="jobRegistry" />
	
		<bean id="jobExplorer"
			class="org.springframework.batch.core.explore.support.JobExplorerFactoryBean"
			p:dataSource-ref="egov.dataSource" />
	
		<bean id="jobRegistry"
			class="org.springframework.batch.core.configuration.support.MapJobRegistry" />


<bean id="egov.propertyConfigurer" class="org.springframework.beans.factory.config.PropertyPlaceholderConfigurer">
        <property name="locations">
            <list>
                <value>classpath:/egovframework/egovProps/globals.properties</value>
                <!-- value>file:/product/jeus/egovProps/globals.properties</value-->
            </list>
        </property>
    </bean>

	<!-- DataSource -->
	<alias name="dataSource-${Globals.DbType}" alias="egov.dataSource" />

	<!-- MySQL -->
	<bean id="dataSource-mysql" class="org.apache.commons.dbcp.BasicDataSource" destroy-method="close">
		<property name="driverClassName" value="${Globals.DriverClassName}"/>
		<property name="url" value="${Globals.Url}" />
		<property name="username" value="${Globals.UserName}"/>
		<property name="password" value="${Globals.Password}"/>
	</bean>

	<!-- Oracle -->
	<bean id="dataSource-oracle" class="org.apache.commons.dbcp.BasicDataSource" destroy-method="close">
		<property name="driverClassName" value="${Globals.DriverClassName}"/>
		<property name="url" value="${Globals.Url}" />
		<property name="username" value="${Globals.UserName}"/>
		<property name="password" value="${Globals.Password}"/>
	</bean>

	<!-- Altibase -->
	<bean id="dataSource-altibase" class="org.apache.commons.dbcp.BasicDataSource" destroy-method="close">
		<property name="driverClassName" value="${Globals.DriverClassName}"/>
		<property name="url" value="${Globals.Url}" />
		<property name="username" value="${Globals.UserName}"/>
		<property name="password" value="${Globals.Password}"/>
	</bean>

	<!-- Tibero -->
	<bean id="dataSource-tibero" class="org.apache.commons.dbcp.BasicDataSource" destroy-method="close">
		<property name="driverClassName" value="${Globals.DriverClassName}"/>
		<property name="url" value="${Globals.Url}" />
		<property name="username" value="${Globals.UserName}"/>
		<property name="password" value="${Globals.Password}"/>
	</bean>
	
	<bean id="transactionManager" class="org.springframework.jdbc.datasource.DataSourceTransactionManager" lazy-init="true">
		<property name="dataSource" ref="egov.dataSource" />
	</bean>
	
	<bean id="lobHandler" class="org.springframework.jdbc.support.lob.DefaultLobHandler"/>
		
	<bean id="customEditorConfigurer" class="org.springframework.beans.factory.config.CustomEditorConfigurer">
		<property name="customEditors">
			<map>
				<entry key="int[]" value="org.springframework.batch.support.IntArrayPropertyEditor" />
			</map>
		</property>
	</bean>
	
	
	    <!-- 실행환경에서 빈이름 참조(EgovAbstractDAO) -->
	<bean id="egov.lobHandler" class="org.springframework.jdbc.support.lob.DefaultLobHandler" lazy-init="true" />
	<!-- SqlMap setup for iBATIS Database Layer -->
	<bean id="egov.sqlMapClient" class="org.springframework.orm.ibatis.SqlMapClientFactoryBean">
		
		<property name="configLocations">
			<list>
				<value>classpath:/egovframework/sqlmap/config/${Globals.DbType}/*.xml</value>
			</list>
		</property>

		<!-- property name="configLocation" value="WEB-INF/classes/egovframework/sqlmap/config/${Globals.DbType}/*.xml"/-->
		
		<!-- not appointed -->
		<!-- 
		<property name="configLocation" value="classpath:/egovframework/sqlmap/com/sql-map-config.xml"/>
		-->

		<!-- Oracle -->
		<!-- 
		<property name="configLocation" value="classpath:/egovframework/sqlmap/com/sql-map-config-oracle.xml"/>
		-->
		<!-- Mysql -->
		<!-- 
		<property name="configLocation" value="classpath:/egovframework/sqlmap/com/sql-map-config-mysql.xml"/>
		-->
		<!-- Altibase -->
		<!-- 
		<property name="configLocation" value="classpath:/egovframework/sqlmap/com/sql-map-config-altibase.xml"/>
		-->
		<!-- Tibero -->
		<!-- 
		<property name="configLocation" value="classpath:/egovframework/sqlmap/com/sql-map-config-tibero.xml"/>
		-->

		<property name="dataSource" ref="egov.dataSource"/>
		
		<property name="lobHandler" ref="egov.lobHandler"/>
	</bean>
	
	 <bean id="sqlMapClient" class="org.springframework.orm.ibatis.SqlMapClientFactoryBean">
                  
                <property name="configLocations"> 
                        <list> 
                                <value>classpath:/egovframework/sqlmap/config/${Globals.DbType}/*.xml</value>
                         </list> 
                </property> 

                <property name="dataSource" ref="egov.dataSource"/> 
                 
                <property name="lobHandler" ref="egov.lobHandler"/> 
    </bean> 
	
</beans>
