<?xml version="1.0" encoding="UTF-8"?>
	<!--
		- DispatcherServlet application context for Application's web tier.
	-->
<beans xmlns="http://www.springframework.org/schema/beans"
	xmlns:xsi="http://www.w3.org/2001/XMLSchema-instance" xmlns:p="http://www.springframework.org/schema/p"
	xmlns:context="http://www.springframework.org/schema/context"
	xmlns:util="http://www.springframework.org/schema/util"
	xsi:schemaLocation="http://www.springframework.org/schema/beans http://www.springframework.org/schema/beans/spring-beans-2.5.xsd
				http://www.springframework.org/schema/context http://www.springframework.org/schema/context/spring-context-2.5.xsd
				http://www.springframework.org/schema/util http://www.springframework.org/schema/util/spring-util-2.5.xsd">

	<!--
		- The controllers are autodetected POJOs labeled with the @Controller
		annotation.
	-->

	<context:component-scan base-package="egovframework">
		<context:include-filter type="annotation"
			expression="org.springframework.stereotype.Controller" />
		<context:exclude-filter type="annotation"
			expression="org.springframework.stereotype.Service" />
		<context:exclude-filter type="annotation"
			expression="org.springframework.stereotype.Repository" />
	</context:component-scan>

	<!-- properties ref. -->
	<util:properties id="fileUploadProperties"
		location="/WEB-INF/config/egovframework/util-fileupload/fileUploadProperties.properties" />

	<!--
		- The form-based controllers within this application provide
		@RequestMapping - annotations at the type level for path mapping URLs
		and @RequestMapping - at the method level for request type mappings
		(e.g., GET and POST). - In contrast, ClinicController - which is not
		form-based - provides - @RequestMapping only at the method level for
		path mapping URLs. - - DefaultAnnotationHandlerMapping is driven by
		these annotations and is - enabled by default with Java 5+.
	-->

	<!--
		- This bean processes annotated handler methods, applying
		Application-specific PropertyEditors - for request parameter binding.
		It overrides the default AnnotationMethodHandlerAdapter.
	-->
	<bean
		class="org.springframework.web.servlet.mvc.annotation.AnnotationMethodHandlerAdapter">
		<property name="webBindingInitializer">
			<bean class="egovframework.rte.cmmn.web.EgovBindingInitializer" />
		</property>
	</bean>

	<!--
		- This bean resolves specific types of exceptions to corresponding
		logical - view names for error views. The default behaviour of
		DispatcherServlet - is to propagate all exceptions to the servlet
		container: this will happen - here with all other types of exceptions.
	-->
	<bean
		class="org.springframework.web.servlet.handler.SimpleMappingExceptionResolver">
		<property name="defaultErrorView" value="cmmn/egovError" />
		<property name="exceptionMappings">
			<props>
				<prop key="java.lang.Exception">cmmn/egovError</prop>
			</props>
		</property>
	</bean>

	<!--
		- This bean configures the 'prefix' and 'suffix' properties of -
		InternalResourceViewResolver, which resolves logical view names -
		returned by Controllers. For example, a logical view name of "vets" -
		will be mapped to "/WEB-INF/jsp/vets.jsp".
	-->
	<bean class="org.springframework.web.servlet.view.UrlBasedViewResolver"
		p:order="1" p:viewClass="org.springframework.web.servlet.view.JstlView"
		p:prefix="/WEB-INF/jsp/egovframework/rte/" p:suffix=".jsp" />

	<!--
		- Message source for this context, loaded from localized "messages_xx"
		files. - Could also reside in the root application context, as it is
		generic, - but is currently just used within Application's web tier.
	-->
	<bean id="messageSource"
		class="org.springframework.context.support.ResourceBundleMessageSource"
		p:basename="messages" />

	<!-- MULTIPART RESOLVERS -->
	<!-- regular spring resolver -->
	<bean id="spring.RegularCommonsMultipartResolver"
		class="org.springframework.web.multipart.commons.CommonsMultipartResolver">
		<property name="maxUploadSize" value="100000000" />
		<property name="maxInMemorySize" value="100000000" />
	</bean>

	<!-- custom multi file resolver -->
	<bean id="local.MultiCommonsMultipartResolver"
		class="egovframework.rte.util.web.resolver.MultiCommonsMultipartResolver">
		<property name="maxUploadSize" value="100000000" />
		<property name="maxInMemorySize" value="100000000" />
	</bean>
	 
	<!--
		1. Spring 2.5에서  사용하는 CommonsMultipartResolver를 사용할 경우 :  spring.RegularCommonsMultipartResolver
		2. 멀티플 파일 업로드를 사용하려고 할 경우 : local.MultiCommonsMultipartResolver
	-->
	
	<!-- 
		1. 멀티플 파일업로드를 사용할 경우 사용	       
     -->
	<alias name="local.MultiCommonsMultipartResolver" alias="multipartResolver" />
	                                                           
    <!-- 
       2. Email에서 파일 업로드를 사용할 경우 사용
     -->
	<alias name="spring.RegularCommonsMultipartResolver" alias="multipartResolver" />
    
</beans>
