<?xml version="1.0" encoding="UTF-8"?>
<beans xmlns="http://www.springframework.org/schema/beans" xmlns:xsi="http://www.w3.org/2001/XMLSchema-instance"
		xmlns:p="http://www.springframework.org/schema/p" xmlns:context="http://www.springframework.org/schema/context"
		xsi:schemaLocation="http://www.springframework.org/schema/beans http://www.springframework.org/schema/beans/spring-beans.xsd
				http://www.springframework.org/schema/context http://www.springframework.org/schema/context/spring-context.xsd">
	
	<context:component-scan base-package="egovframework">
		<context:exclude-filter type="annotation" expression="org.springframework.stereotype.Controller"/>
	</context:component-scan>
	
	<context:property-placeholder location="classpath:/META-INF/property/db.properties"/>

	<!-- Message Source-->    
	<bean id="messageSource" class="org.springframework.context.support.ReloadableResourceBundleMessageSource">
		<property name="basenames">
			<list>
				<value>classpath:/META-INF/message/message-common</value>
				<value>classpath:/egovframework/rte/fdl/idgnr/messages/idgnr</value>
				<value>classpath:/egovframework/rte/fdl/property/messages/properties</value>
			</list>
		</property>
		<property name="cacheSeconds">
			<value>60</value>
		</property>
	</bean>

	<bean id="leaveaTrace" class="egovframework.rte.fdl.cmmn.trace.LeaveaTrace">
		<property name="traceHandlerServices">
			<list>
				<ref bean="traceHandlerService" />
			</list>
		</property>
	</bean>

	<bean id="traceHandlerService" class="egovframework.rte.fdl.cmmn.trace.manager.DefaultTraceHandleManager">
		<property name="reqExpMatcher">
			<ref bean="antPathMater" />
		</property>
		<property name="patterns">
			<list>
				<value>*</value>
			</list>
		</property>
		<property name="handlers">
			<list>
				<ref bean="defaultTraceHandler" />
			</list>
		</property>
	</bean>
	
	<bean id="antPathMater" class="org.springframework.util.AntPathMatcher" />

	<bean id="defaultTraceHandler" class="egovframework.rte.fdl.cmmn.trace.handler.DefaultTraceHandler" />
	
</beans>
