<?xml version="1.0" encoding="UTF-8"?>
<beans xmlns="http://www.springframework.org/schema/beans"
	xmlns:aop="http://www.springframework.org/schema/aop"
	xmlns:tx="http://www.springframework.org/schema/tx"
	xmlns:p="http://www.springframework.org/schema/p"
	xmlns:xsi="http://www.w3.org/2001/XMLSchema-instance"
	xmlns:util="http://www.springframework.org/schema/util"
	xsi:schemaLocation="
		http://www.springframework.org/schema/beans http://www.springframework.org/schema/beans/spring-beans.xsd
		http://www.springframework.org/schema/aop http://www.springframework.org/schema/aop/spring-aop.xsd
		http://www.springframework.org/schema/tx http://www.springframework.org/schema/tx/spring-tx.xsd
		http://www.springframework.org/schema/batch http://www.springframework.org/schema/batch/spring-batch-2.1.xsd
		http://www.springframework.org/schema/util http://www.springframework.org/schema/util/spring-util.xsd">

	  	<import resource="abstract/eGovBase.xml" />
	
		<job id="delimitedToDelimitedJob" parent="eGovBaseJob" xmlns="http://www.springframework.org/schema/batch">
			<step id="delimitedToDelimitedStep" parent="eGovBaseStep" >
				<tasklet>
					<chunk reader="delimitedToDelimitedStep.delimitedItemReader" 
						   processor="delimitedToDelimitedStep.itemProcessor" 
						   writer="delimitedToDelimitedStep.delimitedItemWriter"
						   commit-interval="2" />
				</tasklet>
			</step>
		</job>

		<bean id="delimitedToDelimitedStep.delimitedItemReader" class="org.springframework.batch.item.file.FlatFileItemReader" scope="step">
			<property name="resource" value="#{jobParameters[inputFile]}" />
			<property name="lineMapper">
				<bean class="org.springframework.batch.item.file.mapping.DefaultLineMapper">
					<property name="lineTokenizer">
						<bean class="org.springframework.batch.item.file.transform.DelimitedLineTokenizer">
							<property name="delimiter" value=","/>
							<property name="names" value="name,credit" />
						</bean>
					</property>
					<property name="fieldSetMapper">
						<bean class="org.springframework.batch.item.file.mapping.BeanWrapperFieldSetMapper">
							<property name="targetType" value="egovframework.brte.sample.domain.trade.CustomerCredit" />	
						</bean>
					</property>
				</bean>
			</property>
		</bean>
	
		<bean id="delimitedToDelimitedStep.delimitedItemWriter" class="org.springframework.batch.item.file.FlatFileItemWriter" scope="step">
			<property name="resource" value="#{jobParameters[outputFile]}" />
			<property name="lineAggregator">
				<bean class="org.springframework.batch.item.file.transform.DelimitedLineAggregator">
					<property name="delimiter" value=","/>
					<property name="fieldExtractor">
						<bean class="org.springframework.batch.item.file.transform.BeanWrapperFieldExtractor">
							<property name="names" value="name,credit"/>					
						</bean>
					</property>
				</bean>
			</property>
		</bean>
		
		<bean id="delimitedToDelimitedStep.itemProcessor"
			class="egovframework.brte.sample.domain.trade.CustomerCreditIncreaseProcessor" />	

</beans>
